trade_date,entry_date,exit_date,hold_n_days,active_stocks,pool_size,avg_pred_prob,strategy_ret,benchmark_pool_ret,benchmark_hs300_ret,benchmark_zz500_ret,benchmark_zz1000_ret,weighting_mode,portfolio_turnover,portfolio_concentration,portfolio_weight_entropy,state_market_vol,state_crowding,state_style_dispersion,state_vol_z,state_crowding_z,state_style_z,dynamic_expected_scale,dynamic_risk_scale,dynamic_style_scale,dynamic_industry_scale,dynamic_tc_scale,opt_iterations,opt_converged,opt_expected_ret_score,opt_style_exposure_dev,opt_industry_dev,opt_crowding_exposure,opt_liquidity_utilization,opt_effective_max_weight,opt_fallback,strategy_net,strategy_cum_return,strategy_cum_ret,benchmark_pool_net,benchmark_pool_cum_return,benchmark_pool_cum_ret,benchmark_hs300_net,benchmark_hs300_cum_return,benchmark_hs300_cum_ret,benchmark_zz500_net,benchmark_zz500_cum_return,benchmark_zz500_cum_ret,benchmark_zz1000_net,benchmark_zz1000_cum_return,benchmark_zz1000_cum_ret,excess_vs_pool_ret,excess_vs_pool_net,excess_vs_pool_cum_return,excess_vs_pool_cum_ret,excess_vs_hs300_ret,excess_vs_hs300_net,excess_vs_hs300_cum_return,excess_vs_hs300_cum_ret,excess_vs_zz500_ret,excess_vs_zz500_net,excess_vs_zz500_cum_return,excess_vs_zz500_cum_ret,excess_vs_zz1000_ret,excess_vs_zz1000_net,excess_vs_zz1000_cum_return,excess_vs_zz1000_cum_ret,benchmark_ret,benchmark_net,benchmark_cum_return,benchmark_cum_ret,excess_ret,excess_net,excess_cum_return,excess_cum_ret
2025-01-02,2025-01-03,2025-01-10,5,7,297,0.719745042644441,-0.030484341285445866,-0.00880272783192418,-0.011306525675036871,-0.010782076876762914,-0.014273780760857169,dynamic_opt,0.9999999999990001,0.18610219724280821,1.7892060002346697,-0.016916811581548074,1.0149398432412122,0.9999999999521831,0.0,0.0,0.0,1.0,1.0,1.0,1.0,1.0,220.0,0.0,0.20782983939316002,2.0289871776986397,9.99866855977416e-13,0.20789733784348394,0.999999999995,0.25,0.0,0.9695156587145541,-0.03048434128544586,-0.03048434128544586,0.9911972721680758,-0.008802727831924151,-0.008802727831924151,0.9886934743249631,-0.011306525675036871,-0.011306525675036871,0.9892179231232371,-0.010782076876762914,-0.010782076876762914,0.9857262192391428,-0.014273780760857169,-0.014273780760857169,-0.021681613453521688,0.9783183865464783,-0.02168161345352171,-0.02168161345352171,-0.019177815610408995,0.980822184389591,-0.019177815610408988,-0.019177815610408988,-0.019702264408682953,0.980297735591317,-0.019702264408682946,-0.019702264408682946,-0.016210560524588698,0.9837894394754113,-0.01621056052458869,-0.01621056052458869,-0.00880272783192418,0.9911972721680758,-0.008802727831924151,-0.008802727831924151,-0.021681613453521688,0.9783183865464783,-0.02168161345352171,-0.02168161345352171
2025-01-09,2025-01-10,2025-01-17,5,10,298,0.710292414616004,0.01976705105206515,0.007651885935636765,0.0213964920384051,0.0406037605407501,0.053500539954076665,dynamic_opt,1.5560653411880263,0.1302342040349849,2.159926826409543,-0.016780242023118827,0.6685917293409094,0.9999999999557104,0.0,0.0,0.0,1.0,1.0,1.0,1.0,1.0,11.0,1.0,0.08469491216305257,0.949598717692327,9.999778782798785e-13,0.24190432522833644,0.8878693176163954,0.25,0.0,0.9886801242361413,-0.011319875763858733,-0.011319875763858733,0.9987818006344202,-0.001218199365579764,-0.001218199365579764,1.0098480463767803,0.009848046376780273,0.009848046376780273,1.029383890796351,0.029383890796351064,0.029383890796351064,1.0384631042153276,0.038463104215327615,0.038463104215327615,0.012115165116428387,0.9901708753359267,-0.009829124664073263,-0.009829124664073263,-0.00162944098633995,0.9792239925220351,-0.02077600747796493,-0.02077600747796493,-0.02083670948868495,0.9598715564623851,-0.04012844353761491,-0.04012844353761491,-0.03373348890201151,0.9506027893369513,-0.049397210663048696,-0.049397210663048696,0.007651885935636765,0.9987818006344202,-0.001218199365579764,-0.001218199365579764,0.012115165116428387,0.9901708753359267,-0.009829124664073263,-0.009829124664073263
2025-01-16,2025-01-17,2025-01-24,5,10,297,0.5698510208841916,0.013484742560629585,0.005523125204134633,0.005382779041654739,0.01121401522812282,0.016529454742661542,dynamic_opt,1.9999999999980003,0.10380725668286205,2.281597408403823,-0.017469781514023917,0.7666428386341796,0.9999999999600978,0.0,0.0,0.0,1.0,1.0,1.0,1.0,1.0,13.0,1.0,-0.0777946162213223,1.0391282739575578,9.999778782798785e-13,0.01705628044112445,0.9999999999892459,0.25,0.0,1.0020122211862768,0.0020122211862767525,0.0020122211862767525,1.004298197570935,0.004298197570935081,0.004298197570935081,1.0152838352760731,0.015283835276073132,0.015283835276073132,1.0409274174233256,0.04092741742332562,0.04092741742332562,1.0556283330983787,0.05562833309837867,0.05562833309837867,0.007961617356494952,0.998054236962897,-0.0019457630371030321,-0.0019457630371030321,0.008101963518974846,0.9871576295863534,-0.012842370413646553,-0.012842370413646553,0.0022707273325067653,0.96205116304134,-0.037948836958660026,-0.037948836958660026,-0.003044712182031957,0.9477084774439836,-0.052291522556016434,-0.052291522556016434,0.005523125204134633,1.004298197570935,0.004298197570935081,0.004298197570935081,0.007961617356494952,0.998054236962897,-0.0019457630371030321,-0.0019457630371030321
2025-01-23,2025-01-24,2025-02-10,5,10,298,0.6528745590911247,0.061922398583826976,0.028883526105342422,0.01779296108601791,0.04223063920919645,0.045875890221332094,dynamic_opt,1.9999999999979998,0.10110308715039415,2.297039496086792,-0.017901956897987924,0.89896005201813,0.9999999999603241,0.0,0.0,0.0,1.0,1.0,1.0,1.0,1.0,8.0,1.0,0.024547216964632378,0.3379078916412184,1.000088900582341e-12,-0.027173094730526846,0.9999999999871019,0.25,0.0,1.0640592213324391,0.06405922133243913,0.06405922133243913,1.0333058707780236,0.033305870778023605,0.033305870778023605,1.0333487410484032,0.03334874104840324,0.03334874104840324,1.0848864476314908,0.08488644763149078,0.08488644763149078,1.1040562226221278,0.10405622262212777,0.10405622262212777,0.033038872478484554,1.0310288236245253,0.031028823624525304,0.031028823624525304,0.044129437497809065,1.0307203405016696,0.030720340501669607,0.030720340501669607,0.019691759374630524,0.9809956430500336,-0.019004356949966383,-0.019004356949966383,0.016046508362494882,0.9629158894524958,-0.03708411054750416,-0.03708411054750416,0.028883526105342422,1.0333058707780236,0.033305870778023605,0.033305870778023605,0.033038872478484554,1.0310288236245253,0.031028823624525304,0.031028823624525304
2025-02-07,2025-02-10,2025-02-17,5,10,297,0.6188798122044458,0.01986016005819857,0.013306059477419701,0.011877791227106638,0.010217963638253114,0.011435224626751728,dynamic_opt,1.8291777305400094,0.11852673075916,2.197194794503412,-0.017085293367929643,1.1664137773064296,0.9999999999672621,0.0,0.0,0.0,1.0,1.0,1.0,1.0,1.0,7.0,1.0,-0.062003756387490436,1.2507287694616203,9.99866855977416e-13,0.08273566036858532,0.9999999999872918,0.25,0.0,1.0851916077795034,0.08519160777950341,0.08519160777950341,1.0470551001529629,0.04705510015296288,0.04705510015296288,1.0456226416593697,0.04562264165936969,0.04562264165936969,1.0959717779050229,0.09597177790502287,0.09597177790502287,1.1166813535283748,0.11668135352837483,0.11668135352837483,0.006554100580778868,1.0377862902362425,0.03778629023624247,0.03778629023624247,0.007982368831091931,1.0389479304212625,0.038947930421262544,0.038947930421262544,0.009642196419945456,0.9904545957274327,-0.009545404272567337,-0.009545404272567337,0.008424935431446842,0.9710283936470472,-0.028971606352952817,-0.028971606352952817,0.013306059477419701,1.0470551001529629,0.04705510015296288,0.04705510015296288,0.006554100580778868,1.0377862902362425,0.03778629023624247,0.03778629023624247
2025-02-14,2025-02-17,2025-02-24,5,10,299,0.6281849021932042,0.03683911186108979,0.007714757070756825,0.005654104298578266,0.01618045562742898,0.02904657851242831,dynamic_opt,1.7540235170461045,0.11101369669934198,2.2506406848390306,-0.01686145445267108,0.8222242713110222,0.9999999999699574,0.4949241568267007,-0.39116282518522866,1.3137793664325357,1.112749246751181,1.1979696627306802,1.1970669049648803,1.2627558732865072,1.0,220.0,0.0,0.06484711711814865,0.5173555145020395,9.999778782798785e-13,-0.17984313781586483,0.9999999999861146,0.25,0.0,1.1251691028092083,0.12516910280920834,0.12516910280920834,1.0551328758903398,0.05513287589033977,0.05513287589033977,1.0515347011322667,0.05153470113226666,0.05153470113226666,1.1137051006263294,0.11370510062632944,0.11370510062632944,1.1491171261370015,0.14911712613700145,0.14911712613700145,0.029124354790332964,1.0680111463496262,0.06801114634962624,0.06801114634962624,0.031185007562511524,1.0713475294885053,0.07134752948850531,0.07134752948850531,0.02065865623366081,1.0109160567356152,0.010916056735615243,0.010916056735615243,0.007792533348661479,0.978595164787039,-0.021404835212960993,-0.021404835212960993,0.007714757070756825,1.0551328758903398,0.05513287589033977,0.05513287589033977,0.029124354790332964,1.0680111463496262,0.06801114634962624,0.06801114634962624
2025-02-21,2025-02-24,2025-03-03,5,10,299,0.6193030747732591,-0.0314899483306763,-0.019236923736822377,-0.020465690627316957,-0.026336428632518394,-0.02944821987047097,dynamic_opt,1.999999999998,0.10589793610526882,2.2660591679458566,-0.01600939296726464,1.0666586410391206,0.999999999970993,3.711706137155573,1.1195458148616977,1.1274468954852135,0.4,2.7645689085776537,1.3930261972951214,1.2254893790970427,1.3358637444585093,31.0,1.0,0.10785497074072842,0.2982778861838124,9.997558336749535e-13,0.10391538707581727,0.9999999999881346,0.25,0.0,1.089737585898473,0.08973758589847303,0.08973758589847303,1.0348353652246232,0.03483536522462316,0.03483536522462316,1.0300143172550056,0.030014317255005585,0.030014317255005585,1.0843740857260125,0.08437408572601246,0.08437408572601246,1.1152776723495954,0.1152776723495954,0.1152776723495954,-0.012253024593853926,1.0549247795068941,0.05492477950689412,0.05492477950689412,-0.011024257703359346,1.0595367182335667,0.059536718233566654,0.059536718233566654,-0.005153519698157909,1.005706280924044,0.005706280924044016,0.005706280924044016,-0.0020417284602053318,0.976597139188074,-0.023402860811925996,-0.023402860811925996,-0.019236923736822377,1.0348353652246232,0.03483536522462316,0.03483536522462316,-0.012253024593853926,1.0549247795068941,0.05492477950689412,0.05492477950689412
2025-02-28,2025-03-03,2025-03-10,5,10,298,0.6501940514008139,0.0027404100615577255,0.008450014137087045,0.010371163597853394,0.02172171185758165,0.03941919163743046,dynamic_opt,1.999999999998,0.1024183992743774,2.2904970135584923,-0.016938565001008557,0.9316211788935853,0.9999999999712367,-0.08708644815259538,0.16649102341318728,0.9668905171907675,1.1440719088799645,1.0416227558532969,1.1783317822612527,1.1933781034381534,1.0499473070239562,7.0,1.0,0.05769048658957068,0.9172576173359279,1.000088900582341e-12,0.0813055491510626,0.8575636604121453,0.25,0.0,1.092723913743327,0.09272391374332689,0.09272391374332689,1.043579738690329,0.04357973869032894,0.04357973869032894,1.0406967642473886,0.04069676424738855,0.04069676424738855,1.1079285471619815,0.10792854716198153,0.10792854716198153,1.1592410166448914,0.15924101664489143,0.15924101664489143,-0.00570960407552932,1.0489015766864447,0.04890157668644468,0.04890157668644468,-0.007630753536295669,1.0514516546740706,0.051451654674070646,0.051451654674070646,-0.018981301796023923,0.9866166664876679,-0.013383333512332118,-0.013383333512332118,-0.03667878157587274,0.9407767460321724,-0.05922325396782757,-0.05922325396782757,0.008450014137087045,1.043579738690329,0.04357973869032894,0.04357973869032894,-0.00570960407552932,1.0489015766864447,0.04890157668644468,0.04890157668644468
2025-03-07,2025-03-10,2025-03-17,5,10,298,0.6130365083273546,0.01931746983109635,0.01776290099956716,0.017304511655206634,0.015697535876483037,0.01051882901524026,dynamic_opt,1.5798213504317946,0.11594125802217356,2.2190952316516914,-0.016024052769670012,0.8124334163522013,0.99999999996701,3.99600799624296,-0.5588164903598569,0.29493962355197867,0.4,2.5984031984971843,1.0442409435327968,1.0589879247103957,1.0,8.0,1.0,-0.02698737933479112,1.0189917822793981,9.99866855977416e-13,-0.06045875138251556,0.9999999999880917,0.25,0.0,1.1138325749807811,0.11383257498078114,0.11383257498078114,1.0621167422738396,0.062116742273839565,0.062116742273839565,1.0587055135338432,0.058705513533843234,0.058705513533843234,1.1253202952796364,0.1253202952796364,0.1253202952796364,1.1714348746864323,0.17143487468643226,0.17143487468643226,0.0015545688315291885,1.0505321663849034,0.05053216638490343,0.05053216638490343,0.0020129581758897147,1.0535681828788994,0.05356818287889942,0.05356818287889942,0.003619933954613311,0.9901881536588739,-0.009811846341126085,-0.009811846341126085,0.008798640815856087,0.9490543027084193,-0.050945697291580716,-0.050945697291580716,0.01776290099956716,1.0621167422738396,0.062116742273839565,0.062116742273839565,0.0015545688315291885,1.0505321663849034,0.05053216638490343,0.05053216638490343
2025-03-14,2025-03-17,2025-03-24,5,10,299,0.6237508438451307,-0.02804435343101771,-0.02220122164947419,-0.015497194246980484,-0.022746986010846904,-0.03478605419537495,dynamic_opt,1.9999999999980003,0.10064058139263218,2.2993756723852807,-0.016850299530757968,0.9975593563035501,0.9999999999618203,0.2662707016327964,0.5734129966058646,-0.7141802502659248,0.7016655401548788,1.2498615298045848,1.2218096368610616,1.142836050053185,1.1720238989817593,7.0,1.0,-0.021268507781460604,0.8553364173143156,9.997558336749535e-13,-0.005258991421057212,0.9999999999890045,0.25,0.0,1.0825958605850396,0.08259586058503965,0.08259586058503965,1.0385364530610006,0.03853645306100062,0.03853645306100062,1.04229854854026,0.04229854854026005,0.04229854854026005,1.0997226502651885,0.09972265026518845,0.09972265026518845,1.1306852776492378,0.13068527764923776,0.13068527764923776,-0.005843131781543519,1.044393768495966,0.0443937684959661,0.0443937684959661,-0.012547159184037225,1.040348895177081,0.04034889517708096,0.04034889517708096,-0.005297367420170805,0.9849427631938423,-0.01505723680615767,-0.01505723680615767,0.0067417007643572405,0.9554525428264052,-0.04454745717359476,-0.04454745717359476,-0.02220122164947419,1.0385364530610006,0.03853645306100062,0.03853645306100062,-0.005843131781543519,1.044393768495966,0.0443937684959661,0.0443937684959661
2025-03-21,2025-03-24,2025-03-31,5,10,297,0.6379690700434791,0.0006597849507667301,-0.006005597407530042,-0.012082547513259323,-0.01864726534864103,-0.021019627721218237,dynamic_opt,1.794430974891919,0.1051597043426179,2.2777821491430705,-0.016010242279475336,0.8835113991817072,0.9999999999560298,3.8865829545517356,-0.21169488839905173,-1.0091952595347637,0.4,2.5546331818206944,1.1513792889302146,1.2018390519069528,1.0,33.0,1.0,0.03328807562202416,0.49674238174340823,1.000088900582341e-12,-0.15626435080934434,0.7733369357701224,0.25,0.0,1.0833101410416162,0.08331014104161616,0.08331014104161616,1.032299421230872,0.03229942123087204,0.03229942123087204,1.029704926804521,0.02970492680452108,0.02970492680452108,1.0792158301957828,0.07921583019578282,0.07921583019578282,1.1069186940431885,0.10691869404318854,0.10691869404318854,0.0066653823582967725,1.051355052295614,0.0513550522956141,0.0513550522956141,0.012742332464026052,1.0536053666780096,0.053605366678009636,0.053605366678009636,0.019307050299407758,1.0039591026648635,0.003959102664863545,0.003959102664863545,0.021679412671984966,0.9761661927908364,-0.023833807209163616,-0.023833807209163616,-0.006005597407530042,1.032299421230872,0.03229942123087204,0.03229942123087204,0.0066653823582967725,1.051355052295614,0.0513550522956141,0.0513550522956141
2025-03-28,2025-03-31,2025-04-08,5,10,298,0.6124309117931902,-0.06136173955004148,-0.08352075648880133,-0.06085113958098509,-0.09062455827915472,-0.11187879708652293,dynamic_opt,1.643385345927861,0.11324114007979047,2.236486123487788,-0.014528178690274946,0.7136533017860707,0.9999999999504624,4.0,-1.2676325822492482,-1.1849720091541078,0.4,2.6,1.1777458013731161,1.2369944018308217,1.0,220.0,0.0,-0.03150086618727184,0.47653743437551194,1.000088900582341e-12,0.033807973733780645,0.9999999999854313,0.25,0.0,1.0168363463151018,0.01683634631510178,0.01683634631510178,0.9460809926467179,-0.053919007353282145,-0.053919007353282145,0.9670462085763112,-0.032953791423688816,-0.032953791423688816,0.9814123722964188,-0.018587627703581244,-0.018587627703581244,0.9830779620810517,-0.016922037918948307,-0.016922037918948307,0.02215901693875985,1.0746520467080833,0.07465204670808334,0.07465204670808334,-0.0005105999690563912,1.0530673958103862,0.05306739581038622,0.05306739581038622,0.029262818729113238,1.0333377758975888,0.033337775897588795,0.033337775897588795,0.05051705753648145,1.0254792365172192,0.025479236517219173,0.025479236517219173,-0.08352075648880133,0.9460809926467179,-0.053919007353282145,-0.053919007353282145,0.02215901693875985,1.0746520467080833,0.07465204670808334,0.07465204670808334
2025-04-07,2025-04-08,2025-04-15,5,10,299,0.8589588265631173,0.04865079754084993,0.04417980279221684,0.03026110460865783,0.051741026793374,0.06944099107073587,dynamic_opt,1.8151447291195661,0.10581779229031021,2.2728864639486375,-0.023398404308662326,1.5914197397294458,0.9999999999587241,-4.0,4.0,-0.23504412364572982,0.4,2.0,1.8352566185468595,1.047008824729146,2.2,14.0,1.0,0.03564030544486757,2.6350126700730567,9.999778782798785e-13,0.07566660860212197,0.5823787416464924,0.25,0.0,1.0663062455318553,0.06630624553185527,0.06630624553185527,0.9878786643273146,-0.012121335672685363,-0.012121335672685363,0.9963100950554449,-0.0036899049445551224,-0.0036899049445551224,1.0321916561467566,0.032191656146756564,0.032191656146756564,1.0513438700677593,0.05134387006775931,0.05134387006775931,0.004470994748633092,1.0794568103655229,0.07945681036552288,0.07945681036552288,0.0183896929321921,1.0724329818562424,0.07243298185624236,0.07243298185624236,-0.003090229252524071,1.0301445252747718,0.03014452527477185,0.03014452527477185,-0.02079019352988594,1.0041593247291465,0.004159324729146485,0.004159324729146485,0.04417980279221684,0.9878786643273146,-0.012121335672685363,-0.012121335672685363,0.004470994748633092,1.0794568103655229,0.07945681036552288,0.07945681036552288
2025-04-14,2025-04-15,2025-04-22,5,10,299,0.7118965372032572,0.005269721888279212,0.010035443199633396,0.006039771511218817,0.003868785089032878,0.0059659835959544605,dynamic_opt,1.7317023246887975,0.11055243050773791,2.249464836878014,-0.02531803825590239,0.7350151805711558,0.9999999999613259,-4.0,-0.9534359364488312,0.0918091525925302,1.0165256474666555,1.0,1.0137713728888795,1.018361830518506,1.0,8.0,1.0,-0.007310314559835909,1.6141104738405918,9.99866855977416e-13,-0.1012385224048178,0.8015164164283995,0.25,0.0,1.071925382893543,0.07192538289354311,0.07192538289354311,0.9977924645513012,-0.002207535448698783,-0.002207535448698783,1.0023275803839005,0.0023275803839004627,0.0023275803839004627,1.0361849838350814,0.0361849838350814,0.0361849838350814,1.0576161703502909,0.057616170350290874,0.057616170350290874,-0.004765721311354184,1.0743124200396774,0.07431242003967742,0.07431242003967742,-0.0007700496229396045,1.071607155242936,0.07160715524293604,0.07160715524293604,0.0014009367992463342,1.0315876926487713,0.03158769264877126,0.03158769264877126,-0.0006962617076752484,1.0034601670429326,0.003460167042932616,0.003460167042932616,0.010035443199633396,0.9977924645513012,-0.002207535448698783,-0.002207535448698783,-0.004765721311354184,1.0743124200396774,0.07431242003967742,0.07431242003967742
2025-04-21,2025-04-22,2025-04-29,5,10,299,0.6977535769505285,-0.001322350434238716,-0.009040436488951234,-0.0023454314431051726,-0.0034321270777811774,-0.007720388508788978,dynamic_opt,1.6885996665530034,0.11424183303431754,2.230147917121377,-0.025276104535688418,0.6869313236988075,0.999999999961239,-4.0,-1.1099725622549075,0.044153958285589545,1.007947712491406,1.0,1.0066230937428384,1.008830791657118,1.0,9.0,1.0,0.12656846453250462,1.4241272753427316,1.000088900582341e-12,-0.08510838931862813,0.7692618066424534,0.25,0.0,1.0705079218980025,0.07050792189800248,0.07050792189800248,0.988771985146371,-0.01122801485362901,-0.01122801485362901,0.9999766897605765,-2.331023942347965e-05,-2.331023942347965e-05,1.0326286652944707,0.03262866529447073,0.03262866529447073,1.049450962622009,0.04945096262200899,0.04945096262200899,0.007718086054712518,1.08260405574719,0.0826040557471901,0.0826040557471901,0.0010230810088664565,1.0727034961724304,0.07270349617243044,0.07270349617243044,0.0021097766435424613,1.0337641122684875,0.03376411226848752,0.03376411226848752,0.006398038074550262,1.009880343397968,0.00988034339796795,0.00988034339796795,-0.009040436488951234,0.988771985146371,-0.01122801485362901,-0.01122801485362901,0.007718086054712518,1.08260405574719,0.0826040557471901,0.0826040557471901
2025-04-28,2025-04-29,2025-05-09,5,10,299,0.7124370797147823,0.04028951339246628,0.022508299474139355,0.018828755016122578,0.020841919561184197,0.030270958286446215,dynamic_opt,1.4826889781216899,0.1598986269334922,2.0014085693901573,-0.025390009031759517,0.7190609350506372,0.9999999999628176,-4.0,-0.84395976260097,0.17165194203419065,1.0308973495661544,1.0,1.0257477913051285,1.0343303884068382,1.0,15.0,1.0,0.09945290982385088,1.1602968219295564,1.000088900582341e-12,-0.23725819174234244,0.9373005290639469,0.25,0.0,1.1136381651540534,0.11363816515405345,0.11363816515405345,1.0110275610996848,0.011027561099684835,0.011027561099684835,1.0188050058739115,0.01880500587391154,0.01880500587391154,1.054150628873111,0.05415062887311106,0.05415062887311106,1.0812188489352106,0.08121884893521059,0.08121884893521059,0.017781213918326925,1.101854070051279,0.10185407005127911,0.10185407005127911,0.021460758376343703,1.095724526713246,0.09572452671324605,0.09572452671324605,0.019447593831282084,1.053868336841241,0.05386833684124093,0.05386833684124093,0.010018555106020066,1.019997885268787,0.019997885268786986,0.019997885268786986,0.022508299474139355,1.0110275610996848,0.011027561099684835,0.011027561099684835,0.017781213918326925,1.101854070051279,0.10185407005127911,0.10185407005127911
2025-05-08,2025-05-09,2025-05-16,5,10,299,0.6225147527413817,0.0070677117289653785,0.0067383646610000535,0.011161270847757532,-0.0010266138364266597,-0.0022960887406650032,dynamic_opt,1.8869244087487895,0.10694981158873249,2.263883159363672,-0.01634192559014853,0.7028533267145499,0.9999999999590413,0.43390866539108847,-0.7412121344224754,-0.24834934920992424,0.8468199507944415,1.1735634661564354,1.0372524023814886,1.0496698698419848,1.0,11.0,1.0,0.07323572069421908,0.46908160409793104,1.000088900582341e-12,0.1466323629716759,0.9999999999901446,0.25,0.0,1.1215090386757363,0.12150903867573626,0.12150903867573626,1.017840233488696,0.01784023348869601,0.01784023348869601,1.0301761644855214,0.030176164485521406,0.030176164485521406,1.0530684232518321,0.05306842325183214,0.05306842325183214,1.0787362745099758,0.07873627450997578,0.07873627450997578,0.000329347067965325,1.102216962458576,0.10221696245857603,0.10221696245857603,-0.004093559118792153,1.0912391135852348,0.09123911358523484,0.09123911358523484,0.008094325565392038,1.062398690262692,0.06239869026269207,0.06239869026269207,0.009363800469630382,1.0295489419458888,0.02954894194588875,0.02954894194588875,0.0067383646610000535,1.017840233488696,0.01784023348869601,0.01784023348869601,0.000329347067965325,1.102216962458576,0.10221696245857603,0.10221696245857603
2025-05-15,2025-05-16,2025-05-23,5,10,299,0.6551567790120444,-0.007724848383680325,0.004551611441194921,-0.0017513116838538956,-0.010987868993740268,-0.012926909616278182,dynamic_opt,1.5652153643705309,0.11406506696333145,2.2350866122806385,-0.014203422185968364,0.8199704989751165,0.9999999999557604,2.050000569523995,-0.01389571833532568,-0.6280578216402064,0.4,1.8200002278095981,1.094208673246031,1.1256115643280413,1.0,220.0,0.0,0.0592300382665746,1.0117155025232998,9.999778782798785e-13,0.12510903998192988,0.9999999999881034,0.25,0.0,1.1128455513910391,0.11284555139103913,0.11284555139103913,1.0224730467407517,0.02247304674075168,0.02247304674075168,1.02837200493223,0.02837200493223002,0.02837200493223002,1.0414974453756964,0.04149744537569644,0.04149744537569644,1.0647915481895847,0.06479154818958466,0.06479154818958466,-0.012276459824875246,1.0886856402006573,0.08868564020065728,0.08868564020065728,-0.005973536699826429,1.0847205566919473,0.08472055669194734,0.08472055669194734,0.0032630206100599437,1.06586531908512,0.06586531908511994,0.06586531908511994,0.005202061232597857,1.0349047185838476,0.03490471858384758,0.03490471858384758,0.004551611441194921,1.0224730467407517,0.02247304674075168,0.02247304674075168,-0.012276459824875246,1.0886856402006573,0.08868564020065728,0.08868564020065728
2025-05-22,2025-05-23,2025-05-30,5,10,299,0.671203402206575,0.010654696054099045,-0.01229964946636897,-0.010829220194144118,0.0031890783089605357,0.0061580970586883055,dynamic_opt,1.9999999999980003,0.10386675771639642,2.2791708135677804,-0.013822965893108694,0.755204688028789,0.9999999999556181,2.3717153648199,-0.40780335075131036,-0.6262858733157985,0.4,1.94868614592796,1.0939428809973697,1.1252571746631597,1.0,10.0,1.0,0.04338016426402395,0.2675005958964585,9.999778782798785e-13,0.06737377392737068,0.9999999999762594,0.25,0.0,1.1247025824962669,0.12470258249626687,0.12470258249626687,1.0098969866770302,0.009896986677030206,0.009896986677030206,1.0172355380493254,0.017235538049325427,0.017235538049325427,1.0448188622875818,0.04481886228758181,0.04481886228758181,1.0713486378906072,0.07134863789060719,0.07134863789060719,0.022954345520468017,1.113675706548995,0.11367570654899506,0.11367570654899506,0.02148391624824316,1.108024602284665,0.10802460228466493,0.10802460228466493,0.007465617745138509,1.0738226621252094,0.07382266212520938,0.07382266212520938,0.004496598995410739,1.0395582701017774,0.03955827010177737,0.03955827010177737,-0.01229964946636897,1.0098969866770302,0.009896986677030206,0.009896986677030206,0.022954345520468017,1.113675706548995,0.11367570654899506,0.11367570654899506
2025-05-29,2025-05-30,2025-06-09,5,10,297,0.6965031506523418,0.020982971852351696,0.014998917109758128,0.011721687648037715,0.02373131570186371,0.031926007539956336,dynamic_opt,1.8686927543871117,0.11714286386728824,2.20903532247076,-0.014176237410045285,0.8338754814153047,0.9999999999527528,2.1277351734824657,0.08821509985684634,-0.974911638327378,0.4,1.8731478443571978,1.163879765720476,1.1949823276654756,1.0264645299570538,220.0,0.0,0.10039629312009152,1.3528554666687338,9.999778782798785e-13,0.045131885935696385,0.9999999999890303,0.25,0.0,1.1483021851270534,0.1483021851270534,0.1483021851270534,1.0250443478695936,0.02504434786959364,0.02504434786959364,1.0291592552908233,0.029159255290823305,0.029159255290823305,1.0696137885597905,0.0696137885597905,0.0696137885597905,1.1055525225818246,0.10555252258182457,0.10555252258182457,0.005984054742593567,1.1203400029424808,0.12034000294248082,0.12034000294248082,0.00926128420431398,1.1182863330317951,0.11828633303179514,0.11828633303179514,-0.002748343849512013,1.070871428216291,0.070871428216291,0.070871428216291,-0.01094303568760464,1.028182346852709,0.028182346852708928,0.028182346852708928,0.014998917109758128,1.0250443478695936,0.02504434786959364,0.02504434786959364,0.005984054742593567,1.1203400029424808,0.12034000294248082,0.12034000294248082
2025-06-06,2025-06-09,2025-06-16,5,10,297,0.6388932908056392,0.0034099518125456046,-0.002671876366866534,-0.002947303722853345,-0.006518817690479239,-0.011497734992516606,dynamic_opt,1.9999999999979998,0.1064075793249896,2.2662626211293984,-0.013399457879818149,0.7833992691799947,0.999999999950742,2.755507281428122,-0.24276270876258213,-1.2401384922777707,0.4,2.102202912571249,1.1860207738416655,1.2480276984555543,1.0,6.0,1.0,0.03768043410241714,0.7191849970687035,1.000088900582341e-12,0.10786280752988862,0.9999999999884183,0.25,0.0,1.1522178402445775,0.15221784024457752,0.15221784024457752,1.0223055561015308,0.022305556101530843,0.022305556101530843,1.0261260103862957,0.026126010386295695,0.026126010386295695,1.0626411712729464,0.06264117127294644,0.06264117127294644,1.0928411726568705,0.09284117265687053,0.09284117265687053,0.006081828179412139,1.127153718342899,0.127153718342899,0.127153718342899,0.00635725553539895,1.1253955650126226,0.1253955650126226,0.1253955650126226,0.009928769503024844,1.0815038637944254,0.08150386379442542,0.08150386379442542,0.014907686805062211,1.0435101672580829,0.04351016725808288,0.04351016725808288,-0.002671876366866534,1.0223055561015308,0.022305556101530843,0.022305556101530843,0.006081828179412139,1.127153718342899,0.127153718342899,0.127153718342899
2025-06-13,2025-06-16,2025-06-23,5,10,299,0.6633390941026773,0.004717167553492937,-0.01031609661067051,-0.004102695160688952,-0.01623459033310415,-0.0112628630361159,dynamic_opt,1.999999999998,0.1230674297842821,2.181455121765889,-0.01215571752576588,1.0361762786790858,0.999999999948435,3.7655220174263593,1.4451435016003347,-1.554057773197737,0.4,2.8,1.5221373662997275,1.3108115546395473,1.4335430504801003,7.0,1.0,0.07831617837446564,1.3009152377749433,1.000088900582341e-12,0.02349301213550602,0.9999999999845193,0.25,0.0,1.157653044855135,0.15765304485513498,0.15765304485513498,1.0117593532191622,0.011759353219162216,0.011759353219162216,1.0219161281692268,0.021916128169226834,0.021916128169226834,1.0453896271862402,0.04538962718624018,0.04538962718624018,1.080532652209008,0.08053265220900796,0.08053265220900796,0.015033264164163446,1.144098517944367,0.144098517944367,0.144098517944367,0.008819862714181888,1.135321399395183,0.13532139939518295,0.13532139939518295,0.020951757886597085,1.1041632709020655,0.10416327090206545,0.10416327090206545,0.015980030589608837,1.0601854916514348,0.06018549165143483,0.06018549165143483,-0.01031609661067051,1.0117593532191622,0.011759353219162216,0.011759353219162216,0.015033264164163446,1.144098517944367,0.144098517944367,0.144098517944367
2025-06-20,2025-06-23,2025-06-30,5,10,299,0.6256916251453564,0.03222048594613599,0.030966125222932635,0.02026412283152834,0.0425115920037642,0.0457303138977152,dynamic_opt,1.8837040940528036,0.10644280354658968,2.2699281296099176,-0.012588212711671352,0.769408316677026,0.9999999999491651,3.0129619998324797,-0.3328595595207514,-1.5323139733410955,0.4,2.205184799932992,1.2298470960011643,1.306462794668219,1.0,7.0,1.0,-0.10536644963323412,1.1705536776693544,1.000088900582341e-12,0.07245071332657275,0.9269130113120914,0.25,0.0,1.1949531885173914,0.1949531885173914,0.1949531885173914,1.0430896200464201,0.04308962004642014,0.04308962004642014,1.042624362113968,0.04262436211396792,0.04262436211396792,1.0898308045021488,0.08983080450214875,0.08983080450214875,1.1299457495712566,0.1299457495712566,0.1299457495712566,0.0012543607232033543,1.1455336301887515,0.14553363018875154,0.14553363018875154,0.011956363114607647,1.1488957142981362,0.1488957142981362,0.1488957142981362,-0.010291106057628209,1.0928002095762748,0.09280020957627477,0.09280020957627477,-0.013509827951579213,1.0458625680624636,0.04586256806246358,0.04586256806246358,0.030966125222932635,1.0430896200464201,0.04308962004642014,0.04308962004642014,0.0012543607232033543,1.1455336301887515,0.14553363018875154,0.14553363018875154
2025-06-27,2025-06-30,2025-07-07,5,10,299,0.5983760415594395,0.02536919475659086,0.008305679475242606,0.007392128054340086,-0.0025327163661962304,-0.0045690958139801285,dynamic_opt,1.9041690688135877,0.12060751407620274,2.201836823739955,-0.013855672840551564,0.9365757924579602,0.9999999999521152,1.7585528480539332,0.7794027632362952,-1.0496101134192573,0.4,1.8982718300306471,1.3133220696601478,1.2099220226838514,1.2338208289708885,2.0,1.0,0.07615820938850608,1.5111019307255662,9.997558336749535e-13,-0.13472506878684176,0.99999999999018,0.25,0.0,1.2252681886818984,0.22526818868189835,0.22526818868189835,1.0517531880944782,0.05175318809447815,0.05175318809447815,1.050331574911289,0.05033157491128892,0.05033157491128892,1.0870705721872014,0.08707057218720138,0.08707057218720138,1.124782919176866,0.1247829191768659,0.1247829191768659,0.017063515281348255,1.1650804607927756,0.1650804607927756,0.1650804607927756,0.017977066702250775,1.1695494891880038,0.16954948918800383,0.16954948918800383,0.02790191112278709,1.1232914238988352,0.12329142389883518,0.12329142389883518,0.02993829057057099,1.077173905522001,0.0771739055220011,0.0771739055220011,0.008305679475242606,1.0517531880944782,0.05175318809447815,0.05175318809447815,0.017063515281348255,1.1650804607927756,0.1650804607927756,0.1650804607927756
2025-07-04,2025-07-07,2025-07-14,5,10,299,0.6192024572338977,0.016313029556204943,0.01832582295320708,0.013238507758169371,0.020414357927234006,0.021362894034728797,dynamic_opt,1.8984343518204811,0.10898489644791265,2.256910573351513,-0.013579596638765803,0.8811690171277156,0.9999999999543285,1.1921267016447172,0.38684034275521517,-0.5382460983264074,0.5354527651941288,1.5735607663466906,1.158104983300004,1.1076492196652814,1.1160521028265646,7.0,1.0,-0.06970405659249934,0.7739730045785363,9.99866855977416e-13,0.05469000360170274,0.9999999999906911,0.25,0.0,1.2452560248581437,0.24525602485814368,0.24525602485814368,1.0710274308099685,0.07102743080996854,0.07102743080996854,1.0642363976144023,0.06423639761440225,0.06423639761440225,1.109262419939994,0.10926241993999408,0.10926241993999408,1.1488115374913141,0.14881153749131415,0.14881153749131415,-0.0020127933970021383,1.1627353945343157,0.16273539453431574,0.16273539453431574,0.003074521798035572,1.1731452945863936,0.1731452945863936,0.1731452945863936,-0.004101328371029063,1.1186844369130653,0.1186844369130653,0.1186844369130653,-0.005049864478523854,1.0717343232793128,0.07173432327931284,0.07173432327931284,0.01832582295320708,1.0710274308099685,0.07102743080996854,0.07102743080996854,-0.0020127933970021383,1.1627353945343157,0.16273539453431574,0.16273539453431574
2025-07-11,2025-07-14,2025-07-21,5,10,299,0.7092950227853304,0.012982107437117899,0.01589250917663619,0.016910058272609607,0.02332723619669541,0.02320441390494543,dynamic_opt,1.8420950243114573,0.10247621264274276,2.2902591389914253,-0.013729914089358947,1.1273165927730595,0.9999999999570854,0.9713470056912551,1.9947198207381214,-0.2180003978487538,0.4,1.8872187574610324,1.4316440238249373,1.0436000795697509,1.5984159462214365,8.0,1.0,0.02789675264626141,0.7995748831064561,1.000088900582341e-12,0.014621783769849465,0.9999999999879625,0.25,0.0,1.2614220723595704,0.2614220723595704,0.2614220723595704,1.088048744082545,0.08804874408254504,0.08804874408254504,1.082232697113894,0.08223269711389403,0.08223269711389403,1.1351384464140521,0.13513844641405215,0.13513844641405215,1.1754690359060394,0.17546903590603935,0.17546903590603935,-0.002910401739518292,1.1593513674194635,0.15935136741946354,0.15935136741946354,-0.003927950835491708,1.1685372375463698,0.16853723754636984,0.16853723754636984,-0.010345128759577512,1.1071115023718643,0.10711150237186429,0.10711150237186429,-0.010222306467827532,1.060778726574662,0.06077872657466199,0.06077872657466199,0.01589250917663619,1.088048744082545,0.08804874408254504,0.08804874408254504,-0.002910401739518292,1.1593513674194635,0.15935136741946354,0.15935136741946354
2025-07-18,2025-07-21,2025-07-28,5,10,300,0.6314903430277512,0.015219936484051507,0.018966636798388056,0.012291196877232347,0.026311129664166932,0.017803295363959526,dynamic_opt,1.6590234371078285,0.11755448559235647,2.217855933137766,-0.013082476044907499,0.8695359285495837,0.9999999999617648,1.1308626909113555,0.26385974345256435,0.5116354540759666,0.7618839551843735,1.5183100122276834,1.129517266801908,1.1023270908151934,1.0791579230357693,9.0,1.0,0.14483634811095503,0.5403584207904831,9.99866855977416e-13,-0.14944872216921487,0.9999999999868914,0.25,0.0,1.2806208361804636,0.28062083618046363,0.28062083618046363,1.108685369430501,0.108685369430501,0.108685369430501,1.095534632261099,0.09553463226109904,0.09553463226109904,1.1650052212644333,0.1650052212644333,0.1650052212644333,1.1963962583434633,0.1963962583434633,0.1963962583434633,-0.0037467003143365485,1.1550076252867265,0.1550076252867265,0.1550076252867265,0.0029287396068191605,1.1719595788360149,0.17195957883601487,0.17195957883601487,-0.011091193180115425,1.0948323148271302,0.09483231482713017,0.09483231482713017,-0.002583358879908019,1.0580383544317478,0.05803835443174776,0.05803835443174776,0.018966636798388056,1.108685369430501,0.108685369430501,0.108685369430501,-0.0037467003143365485,1.1550076252867265,0.1550076252867265,0.1550076252867265
2025-07-25,2025-07-28,2025-08-04,5,10,300,0.6692370737031978,-0.03553557177295573,-0.01699874942644716,-0.01574583444556643,-0.009755638562676694,0.0014435409085227224,dynamic_opt,1.9999999999979998,0.10508497430378831,2.275548907667381,-0.014314267524111747,0.8994725483399062,0.9999999999627945,0.6241069176044338,0.4475468424768437,0.5758091023861465,0.8670604773825661,1.3615294776609845,1.1758807338532906,1.1151618204772293,1.134264052743053,30.0,1.0,0.09367667112791266,0.3634544090112217,1.000088900582341e-12,-0.024564669541979157,0.9999999999864542,0.25,0.0,1.2351132425424303,0.23511324254243027,0.23511324254243027,1.0898391046427838,0.08983910464278377,0.08983910464278377,1.0782845253121314,0.07828452531213137,0.07828452531213137,1.1536398514021462,0.1536398514021462,0.1536398514021462,1.1981233052851856,0.19812330528518562,0.19812330528518562,-0.01853682234650857,1.1335974541279237,0.13359745412792368,0.13359745412792368,-0.019789737327389298,1.1487668066125323,0.14876680661253228,0.14876680661253228,-0.025779933210279035,1.0666076108744316,0.06660761087443157,0.06660761087443157,-0.03697911268147845,1.01891303490189,0.018913034901890002,0.018913034901890002,-0.01699874942644716,1.0898391046427838,0.08983910464278377,0.08983910464278377,-0.01853682234650857,1.1335974541279237,0.13359745412792368,0.13359745412792368
2025-08-01,2025-08-04,2025-08-11,5,10,300,0.628820443876933,0.011362558595989593,0.01690965099237913,0.012727288806696935,0.020765663679899404,0.0303044915689048,dynamic_opt,1.9999999999980003,0.11002790830172085,2.2424263078724804,-0.01490312109234355,0.7582371892076263,0.9999999999635749,0.41120409611852615,-0.6944514409487965,0.6883297864086831,1.0210983375239313,1.1644816384474104,1.1032494679613025,1.1376659572817367,1.0,2.0,1.0,-0.04733183666924117,1.6277210528623713,9.997558336749535e-13,-0.003257494580439736,0.999999999960474,0.25,0.0,1.2491472891335014,0.24914728913350137,0.24914728913350137,1.1082679035401402,0.10826790354014015,0.10826790354014015,1.092008163881571,0.09200816388157107,0.09200816388157107,1.1775959485640923,0.17759594856409233,0.17759594856409233,1.2344318228887088,0.23443182288870879,0.23443182288870879,-0.005547092396389536,1.1273092843095642,0.12730928430956423,0.12730928430956423,-0.001364730210707342,1.1471990498464903,0.14719904984649035,0.14719904984649035,-0.009403105083909812,1.0565781874260813,0.05657818742608134,0.05657818742608134,-0.01894193297291521,0.9996128524895488,-0.00038714751045121343,-0.00038714751045121343,0.01690965099237913,1.1082679035401402,0.10826790354014015,0.10826790354014015,-0.005547092396389536,1.1273092843095642,0.12730928430956423,0.12730928430956423
2025-08-08,2025-08-11,2025-08-18,5,10,299,0.6392708310283892,0.026805817289309794,0.024623592294490092,0.028356989223315088,0.043245209457175804,0.042290850277011405,dynamic_opt,1.480510121451736,0.11115721790272573,2.2413100013401297,-0.015034470231356047,0.7268795006930494,0.9999999999607662,0.36425830769287043,-0.7383220147754836,0.26138883901709675,0.9559854140998599,1.1457033230771483,1.0392083258525646,1.0522777678034194,1.0,7.0,1.0,0.018322674641665,1.6786163223377,9.999778782798785e-13,0.028677520480991963,0.9999999999819499,0.25,0.0,1.2826317031334507,0.28263170313345065,0.28263170313345065,1.135557440549982,0.13555744054998198,0.13555744054998198,1.1229742276165329,0.12297422761653287,0.12297422761653287,1.228521332015668,0.22852133201566804,0.22852133201566804,1.2866369942876734,0.2866369942876734,0.2866369942876734,0.0021822249948197023,1.129769326806677,0.12976932680667708,0.12976932680667708,-0.0015511719340052937,1.145419546877651,0.1454195468776509,0.1454195468776509,-0.01643939216786601,1.039208684246971,0.03920868424697099,0.03920868424697099,-0.01548503298770161,0.9841338144938175,-0.015866185506182462,-0.015866185506182462,0.024623592294490092,1.135557440549982,0.13555744054998198,0.13555744054998198,0.0021822249948197023,1.129769326806677,0.12976932680667708,0.12976932680667708
2025-08-15,2025-08-18,2025-08-25,5,10,298,0.6099225105751875,0.05055220021920364,0.04994529619130025,0.05420774055276034,0.0425488360904851,0.03317756350791323,dynamic_opt,1.7937598511305786,0.11414989621257507,2.224320990534433,-0.016055311391488976,0.9778873448216459,0.9999999999620033,-0.017524616460753897,1.0407965882355656,0.35842559472453883,0.8771732211680152,1.2601991470588914,1.261923156855794,1.0716851189449077,1.3122389764706697,8.0,1.0,-0.08858055709934118,0.7901077036463373,9.99866855977416e-13,-0.03895859459254727,0.9999999999858146,0.25,0.0,1.347471557797751,0.34747155779775096,0.34747155779775096,1.1922731932604858,0.19227319326048575,0.19227319326048575,1.1838481231946063,0.1838481231946063,0.1838481231946063,1.2807934848052671,0.2807934848052671,0.2807934848052671,1.3293244748772832,0.3293244748772832,0.3293244748772832,0.0006069040279033933,1.1304549883617176,0.13045498836171765,0.13045498836171765,-0.003655540333556702,1.1412324195251953,0.14123241952519527,0.14123241952519527,0.008003364128718542,1.047525849752726,0.047525849752726,0.047525849752726,0.017374636711290407,1.0012327819959441,0.001232781995944121,0.001232781995944121,0.04994529619130025,1.1922731932604858,0.19227319326048575,0.19227319326048575,0.0006069040279033933,1.1304549883617176,0.13045498836171765,0.13045498836171765
2025-08-22,2025-08-25,2025-09-01,5,10,300,0.6456472345078968,-0.012351091820811124,0.01438795007107413,0.012192054903515492,0.022784000220946732,0.0031319673569296658,dynamic_opt,1.6747425751301641,0.1341710416431865,2.1460278258934395,-0.015650965645258995,0.9775509709401469,0.9999999999656991,0.14288465616131726,0.9802497991574423,0.7538090569733307,0.9235195023665306,1.3022163122538875,1.3091213183774881,1.1507618113946663,1.2940749397472326,10.0,1.0,0.13207761056176576,1.1163578112951476,9.999778782798785e-13,-0.08381351440838455,0.9402281060511093,0.25,0.0,1.3308288128614594,0.3308288128614594,0.3308288128614594,1.2094275604361977,0.2094275604361977,0.2094275604361977,1.1982816645100187,0.19828166451001872,0.19828166451001872,1.3099750838460575,0.30997508384605754,0.30997508384605754,1.3334878757393664,0.33348787573936645,0.33348787573936645,-0.02673904189188525,1.100227705071023,0.10022770507102297,0.10022770507102297,-0.024543146724326614,1.11322298480623,0.11322298480623005,0.11322298480623005,-0.035135092041757854,1.0107209326055433,0.010720932605543299,0.010720932605543299,-0.01548305917774079,0.9857306355816068,-0.014269364418393216,-0.014269364418393216,0.01438795007107413,1.2094275604361977,0.2094275604361977,0.2094275604361977,-0.02673904189188525,1.100227705071023,0.10022770507102297,0.10022770507102297
2025-08-29,2025-09-01,2025-09-08,5,10,300,0.6980291480906834,-0.011038896406140326,-0.008738639409026095,-0.01240972290228104,-0.01661972060766037,-0.025344653911641424,dynamic_opt,1.9999999999979998,0.10519074923608536,2.2771686614512032,-0.01663040695459682,1.0368708439518786,0.9999999999697157,-0.2634918885229167,1.1716428748690473,1.2448205098241536,1.0131719742919192,1.2929107187172617,1.4210516514474325,1.2489641019648308,1.351492862460714,2.0,1.0,0.11211403494297106,1.1676185844851388,1.0001999228848035e-12,-0.167558558028075,0.6092149530488156,0.25,0.0,1.316137931461975,0.316137931461975,0.316137931461975,1.1988588090942076,0.1988588090942076,0.1988588090942076,1.1834113210945654,0.18341132109456537,0.18341132109456537,1.2882036639495396,0.28820366394953956,0.28820366394953956,1.2996910870333822,0.2996910870333822,0.2996910870333822,-0.0023002569971142302,1.0976968985940143,0.09769689859401431,0.09769689859401431,0.001370826496140714,1.1147490203699153,0.1147490203699153,0.1147490203699153,0.005580824201520045,1.0163615884472113,0.01636158844721125,0.01636158844721125,0.014305757505501098,0.9998322590199806,-0.00016774098001937077,-0.00016774098001937077,-0.008738639409026095,1.1988588090942076,0.1988588090942076,0.1988588090942076,-0.0023002569971142302,1.0976968985940143,0.09769689859401431,0.09769689859401431
2025-09-05,2025-09-08,2025-09-15,5,10,299,0.6085614015926742,0.01319701228045342,0.011348670308843548,0.014657398994935011,0.020772821736249503,0.014298524668330037,dynamic_opt,1.8399999999983199,0.11444885620359856,2.2183036839742565,-0.019218266597800862,0.7219366526526039,0.9999999999750635,-1.4599797024022712,-0.8944786642324177,1.8799847811462669,1.3383972606063281,1.0,1.28199771717194,1.3759969562292533,1.0,8.0,1.0,-0.016559834889035143,0.9931989181263334,1.000088900582341e-12,0.03929214211302549,0.9999999999908767,0.25,0.0,1.3335070199062493,0.3335070199062493,0.3335070199062493,1.2124642624654705,0.21246426246547045,0.21246426246547045,1.2007570530029716,0.20075705300297164,0.20075705300297164,1.3149632890207468,0.3149632890207468,0.3149632890207468,1.3182747521025378,0.31827475210253775,0.31827475210253775,0.0018483419716098723,1.0997258178437914,0.09972581784379142,0.09972581784379142,-0.0014603867144815912,1.1131210557105857,0.11312105571058573,0.11312105571058573,-0.0075758094557960825,1.008661826714945,0.008661826714944976,0.008661826714944976,-0.001101512387876617,0.9987309314008714,-0.0012690685991285644,-0.0012690685991285644,0.011348670308843548,1.2124642624654705,0.21246426246547045,0.21246426246547045,0.0018483419716098723,1.0997258178437914,0.09972581784379142,0.09972581784379142
2025-09-12,2025-09-15,2025-09-22,5,10,300,0.637534860055902,-0.02422606817874518,-0.010032449160324388,-0.002304846884750633,0.012296558266687407,0.009966461112704605,dynamic_opt,1.9541666843411316,0.10929024344464813,2.2446935126763825,-0.019138024732015327,0.8264967934462379,0.9999999999757184,-1.3189865472753286,-0.14080331394858742,1.8422294115156739,1.3316012940728212,1.0,1.2763344117273512,1.368445882303135,1.0,7.0,1.0,0.031854655915497965,0.39511862775507317,1.0001999228848035e-12,-0.09766485259115613,0.9999999999855396,0.25,0.0,1.3012013879251652,0.30120138792516515,0.30120138792516515,1.2003002763935753,0.20030027639357528,0.20030027639357528,1.1979894918500154,0.19798949185001535,0.19798949185001535,1.3311328117227452,0.3311328117227452,0.3311328117227452,1.331413286155228,0.3314132861552279,0.3314132861552279,-0.01419361901842079,1.0841167285605955,0.08411672856059549,0.08411672856059549,-0.021921221293994545,1.0887200827213492,0.08872008272134924,0.08872008272134924,-0.03652262644543258,0.9718228476080674,-0.028177152391932636,-0.028177152391932636,-0.03419252929144978,0.9645817947746702,-0.03541820522532979,-0.03541820522532979,-0.010032449160324388,1.2003002763935753,0.20030027639357528,0.20030027639357528,-0.01419361901842079,1.0841167285605955,0.08411672856059549,0.08411672856059549
2025-09-19,2025-09-22,2025-09-29,5,10,300,0.6317715725422397,0.0026721955240557793,0.006235900801489999,0.021546196353961822,0.017360522886238128,0.0011152980221049713,dynamic_opt,1.5399209399637486,0.1297935909379046,2.130079962360196,-0.019053560831638564,0.7069876980199996,0.9999999999745531,-1.1951063433608953,-0.8333435071534712,1.622830856613306,1.292109554190395,1.0,1.2434246284919959,1.3245661713226613,1.0,18.0,1.0,-0.06839332621813538,0.9235227500573399,9.99866855977416e-13,-0.15878860019567145,0.9999999999937315,0.25,0.0,1.304678452449874,0.304678452449874,0.304678452449874,1.2077852298491667,0.2077852298491667,0.2077852298491667,1.2238016086713988,0.22380160867139876,0.22380160867139876,1.3542419733652804,0.3542419733652804,0.3542419733652804,1.332898208759881,0.3328982087598811,0.3328982087598811,-0.00356370527743422,1.0802532560536693,0.08025325605366929,0.08025325605366929,-0.01887400082990604,1.0681715789765311,0.06817157897653114,0.06817157897653114,-0.014688327362182348,0.9575483954843518,-0.04245160451564822,-0.04245160451564822,0.001556897501950808,0.9660835497613822,-0.03391645023861778,-0.03391645023861778,0.006235900801489999,1.2077852298491667,0.2077852298491667,0.2077852298491667,-0.00356370527743422,1.0802532560536693,0.08025325605366929,0.08025325605366929
2025-09-26,2025-09-29,2025-10-14,5,10,300,0.6221860149707081,0.007198695677480932,0.03027897317388091,-0.017529885479668827,-0.02118328399468905,-0.01662867567967341,dynamic_opt,1.6988800491685012,0.11996247656146089,2.2146836399353798,-0.018065940587316323,0.748477349580371,0.9999999999734704,-0.7674438848127814,-0.5256346872796344,1.3986041845720019,1.2517487532229603,1.0,1.2097906276858004,1.2797208369144004,1.0,10.0,1.0,-0.05584234366249447,0.8035898639972574,9.99866855977416e-13,-0.12727565984442923,0.9999999999839266,0.25,0.0,1.3140704355860275,0.31407043558602754,0.31407043558602754,1.2443557264235792,0.24435572642357917,0.24435572642357917,1.2023485066215547,0.20234850662155468,0.20234850662155468,1.3255546810459555,0.32555468104595553,0.32555468104595553,1.3107338767323955,0.3107338767323955,0.3107338767323955,-0.02308027749639998,1.055320711137561,0.055320711137561096,0.055320711137561096,0.024728581157149758,1.0945859465570131,0.09458594655701313,0.09458594655701313,0.02838197967216998,0.9847255145801077,-0.015274485419892292,-0.015274485419892292,0.02382737135715434,0.9891027812635846,-0.01089721873641536,-0.01089721873641536,0.03027897317388091,1.2443557264235792,0.24435572642357917,0.24435572642357917,-0.02308027749639998,1.055320711137561,0.055320711137561096,0.055320711137561096
2025-10-13,2025-10-14,2025-10-21,5,10,300,0.6750366919122702,-0.06307203637214873,-0.021235279421156474,0.015159072443128974,-0.001282444904001645,-0.003947429810208902,dynamic_opt,1.957463807121786,0.1410452456656973,2.0770094148569704,-0.0184466621828343,0.892739965542857,0.9999999999708532,-0.8734453933707671,0.42731778207417453,1.0300612908368527,1.108493831577282,1.1068294455185437,1.2399727500403628,1.2060122581673705,1.1281953346222524,5.0,1.0,0.2686117681881133,1.6961991271228405,1.000088900582341e-12,-0.2966473190490292,0.9999999999842487,0.25,0.0,1.2311893372771803,0.23118933727718027,0.23118933727718027,1.2179314848736584,0.21793148487365843,0.21793148487365843,1.2205749947353188,0.22057499473531883,0.22057499473531883,1.3238547302002726,0.32385473020027256,0.32385473020027256,1.3055598467541314,0.3055598467541314,0.3055598467541314,-0.04183675695099225,1.0111695150403508,0.011169515040350797,0.011169515040350797,-0.0782311088152777,1.0089552742642376,0.00895527426423759,0.00895527426423759,-0.06178959146814708,0.9238797273259419,-0.07612027267405808,-0.07612027267405808,-0.059124606561939824,0.9306224684720548,-0.06937753152794524,-0.06937753152794524,-0.021235279421156474,1.2179314848736584,0.21793148487365843,0.21793148487365843,-0.04183675695099225,1.0111695150403508,0.011169515040350797,0.011169515040350797
2025-10-20,2025-10-21,2025-10-28,5,10,300,0.6247052676575071,0.03054351180176896,0.02118496790869531,0.018251592058112553,0.02162734927405041,0.018405927957704904,dynamic_opt,1.2440855483954651,0.17854769806681875,1.8794456874470395,-0.01909093164046128,0.6788069226339628,0.999999999968915,-1.0399832071607649,-0.9973922501171528,0.8081108391902488,1.1454599510542447,1.0,1.1212166258785374,1.1616221678380498,1.0,6.0,1.0,-0.0004383726323243342,1.2263236582353512,1.000088900582341e-12,-0.34401881496145253,0.9999999999665001,0.25,0.0,1.2687941833305179,0.26879418333051786,0.26879418333051786,1.2437333242956965,0.2437333242956965,0.2437333242956965,1.2428524316155607,0.2428524316155607,0.2428524316155607,1.3524861988384176,0.3524861988384176,0.3524861988384176,1.3295898872379601,0.3295898872379601,0.3295898872379601,0.00935854389307365,1.020632589330194,0.020632589330193962,0.020632589330193962,0.012291919743656406,1.0213572715204324,0.02135727152043243,0.02135727152043243,0.008916162527718548,0.9321171891308443,-0.06788281086915571,-0.06788281086915571,0.012137583844064055,0.9419179767103042,-0.058082023289695806,-0.058082023289695806,0.02118496790869531,1.2437333242956965,0.2437333242956965,0.2437333242956965,0.00935854389307365,1.020632589330194,0.020632589330193962,0.020632589330193962
2025-10-27,2025-10-28,2025-11-04,5,10,300,0.5940583598369129,-0.030543478043423593,-0.0012584511045751834,-0.015616884410886711,-0.017736611892336773,-0.0058147766993381644,dynamic_opt,1.598496297970681,0.13298113183727908,2.1538132109831727,-0.018119686766113488,0.9383798749815009,0.9999999999695489,-0.5913637537957483,0.7217291796283523,0.8690068301129181,1.026509977087222,1.180432294907088,1.274696860442608,1.1738013660225837,1.2165187538885056,46.0,1.0,0.07045006949441021,0.5983429933392994,1.000088900582341e-12,0.1492368214395024,0.9999999999827801,0.25,0.0,1.2300407960503386,0.23004079605033856,0.23004079605033856,1.2421681467199395,0.24216814671993947,0.24216814671993947,1.223442948851231,0.22344294885123106,0.22344294885123106,1.3284976760398788,0.3284976760398788,0.3284976760398788,1.3218586189419732,0.3218586189419732,0.3218586189419732,-0.02928502693884841,0.9907433364569926,-0.00925666354300736,-0.00925666354300736,-0.014926593632536882,1.0061118865748102,0.00611188657481021,0.00611188657481021,-0.01280686615108682,0.9201796890525182,-0.07982031094748177,-0.07982031094748177,-0.02472870134408543,0.9186255683736099,-0.08137443162639013,-0.08137443162639013,-0.0012584511045751834,1.2421681467199395,0.24216814671993947,0.24216814671993947,-0.02928502693884841,0.9907433364569926,-0.00925666354300736,-0.00925666354300736
2025-11-03,2025-11-04,2025-11-11,5,10,300,0.6036496511464491,-0.01190279384813463,0.01026627248353646,0.007245979874419106,0.011203017685216254,0.01412907486836179,dynamic_opt,1.9999999999979998,0.1382302308508371,2.087474047700403,-0.019218171441826477,0.7926083422031069,0.9999999999702442,-0.9405231613217483,-0.2417389018096263,0.8949914637699773,1.161098463478596,1.0,1.1342487195654967,1.1789982927539955,1.0,6.0,1.0,0.04918418479485945,1.524387897728771,9.999778782798785e-13,-0.3277115143790299,0.9999999999901303,0.25,0.0,1.215399874030156,0.21539987403015592,0.21539987403015592,1.2549205833845358,0.2549205833845358,0.2549205833845358,1.232307991836107,0.23230799183610706,0.23230799183610706,1.3433808589993221,0.34338085899932214,0.34338085899932214,1.3405352583343937,0.3405352583343937,0.3405352583343937,-0.02216906633167109,0.9687794817134165,-0.031220518286583454,-0.031220518286583454,-0.019148773722553736,0.9868460777192175,-0.013153922280782493,-0.013153922280782493,-0.023105811533350885,0.8989181905804533,-0.1010818094195467,-0.1010818094195467,-0.02603186871649642,0.8947120281780911,-0.10528797182190885,-0.10528797182190885,0.01026627248353646,1.2549205833845358,0.2549205833845358,0.2549205833845358,-0.02216906633167109,0.9687794817134165,-0.031220518286583454,-0.031220518286583454
2025-11-10,2025-11-11,2025-11-18,5,10,300,0.610073833159981,-0.028986039489222133,-0.024662147642052726,-0.018050301730419993,-0.019281069415690077,-0.012291813948961283,dynamic_opt,1.505637298411263,0.131682228582814,2.1440067420363285,-0.01806109394560992,0.8701822189763648,0.9999999999680437,-0.45902967399374256,0.2818035211126781,0.6208602801864502,1.061030216633279,1.0704508802781696,1.1494897462505032,1.12417205603729,1.0845410563338034,220.0,0.0,-0.1800712665213651,0.536480145578415,9.999778782798785e-13,-0.12333653873978552,0.9999999999770046,0.25,0.0,1.180170245286322,0.18017024528632208,0.18017024528632208,1.2239715466780554,0.2239715466780554,0.2239715466780554,1.2100644607586575,0.21006446075865748,0.21006446075865748,1.317479039405247,0.3174790394052469,0.3174790394052469,1.3240576483469246,0.32405764834692463,0.32405764834692463,-0.004323891847169407,0.964590584010731,-0.035409415989269055,-0.035409415989269055,-0.01093573775880214,0.9760541878049777,-0.023945812195022342,-0.023945812195022342,-0.009704970073532056,0.8901942164423163,-0.10980578355768367,-0.10980578355768367,-0.01669422554026085,0.8797755037861018,-0.12022449621389819,-0.12022449621389819,-0.024662147642052726,1.2239715466780554,0.2239715466780554,0.2239715466780554,-0.004323891847169407,0.964590584010731,-0.035409415989269055,-0.035409415989269055
2025-11-17,2025-11-18,2025-11-25,5,10,300,0.6148827072529096,-0.058084848136873375,-0.026134186961631396,-0.017028177224561514,-0.027466718724522998,-0.026604633852306825,dynamic_opt,1.9269408585414083,0.11305256205012962,2.216833485548716,-0.016254682458547796,0.7729001252816047,0.9999999999669876,0.15276562587035036,-0.3774403549020156,0.5087661382270665,1.0533864984132844,1.06110625034814,1.0763149207340599,1.1017532276454134,1.0,9.0,1.0,-0.13262961075148857,1.2860916588229454,9.99866855977416e-13,-0.07679638502109042,0.9999999999874938,0.25,0.0,1.1116202358132095,0.11162023581320946,0.11162023581320946,1.1919840454414539,0.19198404544145387,0.19198404544145387,1.1894592686677157,0.18945926866771567,0.18945926866771567,1.2812922132044482,0.2812922132044482,0.2812922132044482,1.2888315794133083,0.2888315794133083,0.2888315794133083,-0.03195066117524198,0.9337712770881752,-0.0662287229118248,-0.0662287229118248,-0.04105667091231186,0.9359806522236848,-0.06401934777631524,-0.06401934777631524,-0.030618129412350377,0.8629381347211597,-0.13706186527884034,-0.13706186527884034,-0.03148021428456655,0.8520799824046028,-0.1479200175953972,-0.1479200175953972,-0.026134186961631396,1.1919840454414539,0.19198404544145387,0.19198404544145387,-0.03195066117524198,0.9337712770881752,-0.0662287229118248,-0.0662287229118248
2025-11-24,2025-11-25,2025-12-02,5,10,298,0.6763596090245467,0.014244558299622866,0.015527807559757276,0.014237023163834683,0.012322486272760669,0.008721580999143663,dynamic_opt,1.9999999999979998,0.11471239578028115,2.225188099940679,-0.016370744565282182,0.8186861995268238,0.9999999999661718,0.09642911380976694,-0.052884125627522226,0.42680899162653196,1.0527183400403342,1.0385716455239067,1.0640213487439798,1.0853617983253063,1.0,7.0,1.0,0.16178942276603112,0.4786601469122871,9.99866855977416e-13,0.027614629943101304,0.9999999999838274,0.25,0.0,1.1274547750692914,0.12745477506929137,0.12745477506929137,1.2104929443133698,0.21049294431336985,0.21049294431336985,1.2063936278281757,0.20639362782817572,0.20639362782817572,1.2970809189130552,0.2970809189130552,0.2970809189130552,1.3000722284274158,0.30007222842741577,0.30007222842741577,-0.0012832492601344107,0.932573015787717,-0.06742698421228299,-0.06742698421228299,7.535135788182268e-06,0.9359877049649944,-0.0640122950350056,-0.0640122950350056,0.0019220720268621969,0.8645967639708199,-0.13540323602918014,-0.13540323602918014,0.005522977300479202,0.8567860008056162,-0.14321399919438382,-0.14321399919438382,0.015527807559757276,1.2104929443133698,0.21049294431336985,0.21049294431336985,-0.0012832492601344107,0.932573015787717,-0.06742698421228299,-0.06742698421228299
2025-12-01,2025-12-02,2025-12-09,5,10,298,0.6350185429148958,0.0242213064828915,0.001855986300919113,0.009636533105271905,0.011508740890481706,0.009217059943023242,dynamic_opt,1.7083992034588569,0.134333941657727,2.132615519031179,-0.015125955727781457,0.901322380853645,0.9999999999612169,0.5201218320037752,0.5557036929978401,-0.06841394022400399,0.7576283680191243,1.34697465605097,1.1214028296331686,1.0136827880448007,1.166711107899352,11.0,1.0,-0.04648112257512438,1.2781978137164711,1.000088900582341e-12,-0.09634420158051125,0.9999999999888541,0.25,0.0,1.1547632027218442,0.15476320272184418,0.15476320272184418,1.2127396026353747,0.21273960263537472,0.21273960263537472,1.218019079960731,0.2180190799607311,0.2180190799607311,1.3120086871228134,0.3120086871228134,0.3120086871228134,1.3120550720870912,0.31205507208709116,0.31205507208709116,0.022365320181972386,0.953430309878877,-0.046569690121123,-0.046569690121123,0.014584773377619594,0.9496388735261472,-0.050361126473852824,-0.050361126473852824,0.012712565592409793,0.8755880070437843,-0.12441199295621574,-0.12441199295621574,0.015004246539868257,0.8696414291936114,-0.13035857080638857,-0.13035857080638857,0.001855986300919113,1.2127396026353747,0.21273960263537472,0.21273960263537472,0.022365320181972386,0.953430309878877,-0.046569690121123,-0.046569690121123
2025-12-08,2025-12-09,2025-12-16,5,10,298,0.6242645088876405,-0.014951715678207824,-0.01488749178256076,-0.02189280511188796,-0.016851777323492967,-0.026957758356249473,dynamic_opt,1.487173551409104,0.12646494684847392,2.1688115219471014,-0.014563045803363074,0.9173544513685499,0.9999999999600272,0.6971506032514696,0.6698903612413817,-0.17826882975129604,0.6730436948084506,1.4463328316109332,1.1607183967109709,1.0356537659502592,1.2009671083724145,9.0,1.0,-0.05895547138023652,1.594276308438431,9.999778782798785e-13,0.18733758465211192,0.9999999999848376,0.25,0.0,1.1374975116390904,0.1374975116390904,0.1374975116390904,1.1946849517667546,0.1946849517667546,0.1946849517667546,1.1913532256205897,0.19135322562058965,0.19135322562058965,1.2898990088809315,0.28989900888093145,0.28989900888093145,1.2766850085036758,0.27668500850367583,0.27668500850367583,-6.422389564706386e-05,0.9533690768701486,-0.0466309231298514,-0.0466309231298514,0.0069410894336801345,0.9562304018769914,-0.043769598123008624,-0.043769598123008624,0.0019000616452851428,0.8772516782330397,-0.12274832176696027,-0.12274832176696027,0.012006042678041649,0.8800823813071031,-0.11991761869289685,-0.11991761869289685,-0.01488749178256076,1.1946849517667546,0.1946849517667546,0.1946849517667546,-6.422389564706386e-05,0.9533690768701486,-0.0466309231298514,-0.0466309231298514
2025-12-15,2025-12-16,2025-12-23,5,10,297,0.6886856250161763,0.02350913447672963,0.017432777256365325,0.027387991920054144,0.03648841025526739,0.029352708720316478,dynamic_opt,1.9023049265867606,0.11053626719971599,2.2453917134950387,-0.015256673557292346,0.8182091313539307,0.9999999999581893,0.41708541377333935,-0.08860822893100767,-0.36103275703698745,0.8307427502900074,1.1668341655093357,1.0541549135555481,1.0722065514073975,1.0,9.0,1.0,0.1397535560322047,0.7478228148284042,9.99866855977416e-13,-0.03716206041942515,0.9999999999859231,0.25,0.0,1.164239093607159,0.16423909360715894,0.16423909360715894,1.215511628422436,0.2155116284224361,0.2155116284224361,1.2239819981378168,0.22398199813781683,0.22398199813781683,1.3369653731048416,0.33696537310484165,0.33696537310484165,1.314159171685879,0.3141591716858789,0.3141591716858789,0.006076357220364304,0.9591620879440607,-0.04083791205593934,-0.04083791205593934,-0.0038788574433245154,0.9525213204651376,-0.0474786795348624,-0.0474786795348624,-0.01297927577853776,0.865865586774068,-0.134134413225932,-0.134134413225932,-0.005843574243586849,0.8749395545714624,-0.12506044542853756,-0.12506044542853756,0.017432777256365325,1.215511628422436,0.2155116284224361,0.2155116284224361,0.006076357220364304,0.9591620879440607,-0.04083791205593934,-0.04083791205593934
2025-12-22,2025-12-23,2025-12-30,5,10,298,0.6323115969712613,-0.003150977273038277,0.003399968222166646,0.00661107088181212,0.027856684763750694,0.02771474023391507,dynamic_opt,1.707296288210525,0.10586369096010469,2.272679423229904,-0.014364080161492968,0.8342641626021279,0.9999999999586556,0.7504036441064448,0.05766182885246752,-0.31399029396983197,0.7455017068653748,1.314576914855695,1.0586309098659683,1.0627980587939665,1.0172985486557402,38.0,1.0,0.018415478630167518,0.48371696999350167,9.999778782798785e-13,-0.0300353593893316,0.9999999999906393,0.25,0.0,1.1605706026828202,0.1605706026828202,0.1605706026828202,1.2196443293327464,0.21964432933274636,0.21964432933274636,1.232073829885568,0.23207382988556802,0.23207382988556802,1.3742087960434735,0.37420879604347346,0.37420879604347346,1.35058075175517,0.35058075175517,0.35058075175517,-0.006550945495204923,0.9528786693848721,-0.04712133061512791,-0.04712133061512791,-0.009762048154850397,0.9432227614662353,-0.05677723853376471,-0.05677723853376471,-0.031007662036788973,0.8390171192900917,-0.1609828807099083,-0.1609828807099083,-0.030865717506953348,0.8479339174444,-0.15206608255559995,-0.15206608255559995,0.003399968222166646,1.2196443293327464,0.21964432933274636,0.21964432933274636,-0.006550945495204923,0.9528786693848721,-0.04712133061512791,-0.04712133061512791
