date,code,fund_mo_cf916e1ce7
2020-07-27,sh.600000,
2020-07-27,sh.600009,
2020-07-27,sh.600010,
2020-07-27,sh.600011,
2020-07-27,sh.600015,
2020-07-28,sh.600000,
2020-07-28,sh.600009,
2020-07-28,sh.600010,
2020-07-28,sh.600011,
2020-07-28,sh.600015,
2020-07-29,sh.600000,
2020-07-29,sh.600009,
2020-07-29,sh.600010,
2020-07-29,sh.600011,
2020-07-29,sh.600015,
2020-07-30,sh.600000,
2020-07-30,sh.600009,
2020-07-30,sh.600010,
2020-07-30,sh.600011,
2020-07-30,sh.600015,
2020-07-31,sh.600000,
2020-07-31,sh.600009,
2020-07-31,sh.600010,
2020-07-31,sh.600011,
2020-07-31,sh.600015,
2020-08-03,sh.600000,
2020-08-03,sh.600009,
2020-08-03,sh.600010,
2020-08-03,sh.600011,
2020-08-03,sh.600015,
2020-08-04,sh.600000,
2020-08-04,sh.600009,
2020-08-04,sh.600010,
2020-08-04,sh.600011,
2020-08-04,sh.600015,
2020-08-05,sh.600000,
2020-08-05,sh.600009,
2020-08-05,sh.600010,
2020-08-05,sh.600011,
2020-08-05,sh.600015,
2020-08-06,sh.600000,
2020-08-06,sh.600009,
2020-08-06,sh.600010,
2020-08-06,sh.600011,
2020-08-06,sh.600015,
2020-08-07,sh.600000,-0.08547504950617095
2020-08-07,sh.600009,-1.8827091867469423
2020-08-07,sh.600010,0.9750101624934164
2020-08-07,sh.600011,0.5427278360139507
2020-08-07,sh.600015,0.45044623774574605
2020-08-10,sh.600000,-0.08655948919520433
2020-08-10,sh.600009,-1.88226154645903
2020-08-10,sh.600010,0.9761560960476965
2020-08-10,sh.600011,0.5412009472533099
2020-08-10,sh.600015,0.4514639923532278
2020-08-11,sh.600000,-0.08983905919302275
2020-08-11,sh.600009,-1.881302674956453
2020-08-11,sh.600010,0.9769138271654899
2020-08-11,sh.600011,0.5419692621162934
2020-08-11,sh.600015,0.45225864486769213
2020-08-12,sh.600000,-0.0905038812840225
2020-08-12,sh.600009,-1.8807803986362266
2020-08-12,sh.600010,0.9792373597886785
2020-08-12,sh.600011,0.5377953818533926
2020-08-12,sh.600015,0.45425153827817794
2020-08-13,sh.600000,-0.08667408333307224
2020-08-13,sh.600009,-1.8806959899911284
2020-08-13,sh.600010,0.985783968793902
2020-08-13,sh.600011,0.521974160918127
2020-08-13,sh.600015,0.4596119436121716
2020-08-14,sh.600000,-0.0849655877675352
2020-08-14,sh.600009,-1.881175412163313
2020-08-14,sh.600010,0.9854948710682203
2020-08-14,sh.600011,0.5213582189955409
2020-08-14,sh.600015,0.45928790986708706
2020-08-17,sh.600000,-0.07722737568620375
2020-08-17,sh.600009,-1.883518802860195
2020-08-17,sh.600010,0.9830675328654842
2020-08-17,sh.600011,0.5208026645841591
2020-08-17,sh.600015,0.4568759810967556
2020-08-18,sh.600000,-0.07516198721200934
2020-08-18,sh.600009,-1.883097424333382
2020-08-18,sh.600010,0.988321215339182
2020-08-18,sh.600011,0.5086955519732654
2020-08-18,sh.600015,0.4612426442329439
2020-08-19,sh.600000,-0.06812210941278334
2020-08-19,sh.600009,-1.8789864386129074
2020-08-19,sh.600010,1.0149730054927215
2020-08-19,sh.600011,0.4571010268480566
2020-08-19,sh.600015,0.4750345156849126
2020-08-20,sh.600000,-0.10815857402504529
2020-08-20,sh.600009,-1.8526119282455369
2020-08-20,sh.600010,1.0785105045671308
2020-08-20,sh.600011,0.3978027213576601
2020-08-20,sh.600015,0.4844572763457913
2020-08-21,sh.600000,-0.11155341467271168
2020-08-21,sh.600009,-1.8505936910230132
2020-08-21,sh.600010,1.0822881979166856
2020-08-21,sh.600011,0.39283787146636284
2020-08-21,sh.600015,0.4870210363126764
2020-08-24,sh.600000,-0.10344722279168596
2020-08-24,sh.600009,-1.8564855173285937
2020-08-24,sh.600010,1.0688663866366122
2020-08-24,sh.600011,0.4050040488995107
2020-08-24,sh.600015,0.4860623045841569
2020-08-25,sh.600000,-0.08060724041180914
2020-08-25,sh.600009,-1.8714011870698504
2020-08-25,sh.600010,1.0340157560546337
2020-08-25,sh.600011,0.4387946815842583
2020-08-25,sh.600015,0.47919798984276746
2020-08-26,sh.600000,-0.07422829697705607
2020-08-26,sh.600009,-1.8752175717521977
2020-08-26,sh.600010,1.0247510675691103
2020-08-26,sh.600011,0.44813067824631586
2020-08-26,sh.600015,0.4765641229138275
2020-08-27,sh.600000,-0.06457560601905554
2020-08-27,sh.600009,-1.8810107535239695
2020-08-27,sh.600010,1.0098196249383746
2020-08-27,sh.600011,0.4622632905250926
2020-08-27,sh.600015,0.473503444079558
2020-08-28,sh.600000,-0.06780619674253165
2020-08-28,sh.600009,-1.8788988022261641
2020-08-28,sh.600010,1.0156827972218638
2020-08-28,sh.600011,0.45748314877740354
2020-08-28,sh.600015,0.47353905296942844
2020-08-31,sh.600000,-0.0719609897179174
2020-08-31,sh.600009,-1.8763502198177522
2020-08-31,sh.600010,1.0223143148399123
2020-08-31,sh.600011,0.4513841086346074
2020-08-31,sh.600015,0.4746127860611499
2020-09-01,sh.600000,-0.08232328966803729
2020-09-01,sh.600009,-1.8694715578569636
2020-09-01,sh.600010,1.04019836387576
2020-09-01,sh.600011,0.43602123965179757
2020-09-01,sh.600015,0.4755752439974433
2020-09-02,sh.600000,-0.09823799222915254
2020-09-02,sh.600009,-1.85848592119346
2020-09-02,sh.600010,1.0669712176235757
2020-09-02,sh.600011,0.4123043620153824
2020-09-02,sh.600015,0.4774483337836544
2020-09-03,sh.600000,-0.09462666747701408
2020-09-03,sh.600009,-1.8609989938732345
2020-09-03,sh.600010,1.0610643822132155
2020-09-03,sh.600011,0.4176920071549892
2020-09-03,sh.600015,0.4768692719820439
2020-09-04,sh.600000,-0.09383881842609659
2020-09-04,sh.600009,-1.8620370379782138
2020-09-04,sh.600010,1.0577982401284862
2020-09-04,sh.600011,0.41900943830344606
2020-09-04,sh.600015,0.4790681779723781
2020-09-07,sh.600000,-0.08257304880523127
2020-09-07,sh.600009,-1.8694255773007533
2020-09-07,sh.600010,1.0401185427358446
2020-09-07,sh.600011,0.43568570416638025
2020-09-07,sh.600015,0.4761943792037594
2020-09-08,sh.600000,-0.08998075256922819
2020-09-08,sh.600009,-1.8641740871830734
2020-09-08,sh.600010,1.0534856845624636
2020-09-08,sh.600011,0.4246063274858346
2020-09-08,sh.600015,0.4760628277040035
2020-09-09,sh.600000,-0.09673659723137601
2020-09-09,sh.600009,-1.860662205113107
2020-09-09,sh.600010,1.0600236851187215
2020-09-09,sh.600011,0.41487243110023564
2020-09-09,sh.600015,0.4825026861255259
2020-09-10,sh.600000,-0.11326988906597711
2020-09-10,sh.600009,-1.8488170690673171
2020-09-10,sh.600010,1.0870727337068298
2020-09-10,sh.600011,0.3901082593188886
2020-09-10,sh.600015,0.48490596510757583
2020-09-11,sh.600000,-0.10897901879220077
2020-09-11,sh.600009,-1.8510993964949582
2020-09-11,sh.600010,1.083385797043734
2020-09-11,sh.600011,0.3963056200217551
2020-09-11,sh.600015,0.4803869982216698
2020-09-14,sh.600000,-0.11547549216542304
2020-09-14,sh.600009,-1.84604032999026
2020-09-14,sh.600010,1.0949757148714556
2020-09-14,sh.600011,0.3864575775674028
2020-09-14,sh.600015,0.4800825297168245
2020-09-15,sh.600000,-0.11153002831829849
2020-09-15,sh.600009,-1.8484341336307484
2020-09-15,sh.600010,1.0905548023175706
2020-09-15,sh.600011,0.3922416827184351
2020-09-15,sh.600015,0.4771676769130409
2020-09-16,sh.600000,-0.10714504385906207
2020-09-16,sh.600009,-1.8507779500902264
2020-09-16,sh.600010,1.086672606636788
2020-09-16,sh.600011,0.39857828876787815
2020-09-16,sh.600015,0.47267209854462244
2020-09-17,sh.600000,-0.10423455833543138
2020-09-17,sh.600009,-1.8525102622316405
2020-09-17,sh.600010,1.0833427633701813
2020-09-17,sh.600011,0.4028353714447788
2020-09-17,sh.600015,0.47056668575211164
2020-09-18,sh.600000,-0.10381567641949131
2020-09-18,sh.600009,-1.8524356065102505
2020-09-18,sh.600010,1.0840727678125326
2020-09-18,sh.600011,0.4033540927349722
2020-09-18,sh.600015,0.4688244223822371
2020-09-21,sh.600000,-0.09788452587215103
2020-09-21,sh.600009,-1.8559030590537826
2020-09-21,sh.600010,1.0772801122425482
2020-09-21,sh.600011,0.4120112143626744
2020-09-21,sh.600015,0.4644962583207111
2020-09-22,sh.600000,-0.09313472117971214
2020-09-22,sh.600009,-1.858494934665638
2020-09-22,sh.600010,1.0723177617058441
2020-09-22,sh.600011,0.4188904001979564
2020-09-22,sh.600015,0.46042149394154963
2020-09-23,sh.600000,-0.09486098824851698
2020-09-23,sh.600009,-1.8572660803191032
2020-09-23,sh.600010,1.0752217186303283
2020-09-23,sh.600011,0.4163070296384216
2020-09-23,sh.600015,0.4605983202988705
2020-09-24,sh.600000,-0.08813843516635829
2020-09-24,sh.600009,-1.86139132451259
2020-09-24,sh.600010,1.0662459394909032
2020-09-24,sh.600011,0.42617587811928237
2020-09-24,sh.600015,0.4571079420687626
2020-09-25,sh.600000,-0.09263322728160249
2020-09-25,sh.600009,-1.8576605413145968
2020-09-25,sh.600010,1.075926115606308
2020-09-25,sh.600011,0.4192953399302411
2020-09-25,sh.600015,0.45507231305965007
2020-09-28,sh.600000,-0.09698312508737716
2020-09-28,sh.600009,-1.8544523352404738
2020-09-28,sh.600010,1.0835576670588878
2020-09-28,sh.600011,0.41275328948223144
2020-09-28,sh.600015,0.45512450378673186
2020-09-29,sh.600000,-0.08732725640750563
2020-09-29,sh.600009,-1.8611017850190033
2020-09-29,sh.600010,1.0681061093061222
2020-09-29,sh.600011,0.42713835314394666
2020-09-29,sh.600015,0.4531845789764401
2020-09-30,sh.600000,-0.09704772928574672
2020-09-30,sh.600009,-1.8543945821246668
2020-09-30,sh.600010,1.0837063782500955
2020-09-30,sh.600011,0.412653196765335
2020-09-30,sh.600015,0.4550827363949827
2020-10-09,sh.600000,-0.10224563532581506
2020-10-09,sh.600009,-1.8507253941014408
2020-10-09,sh.600010,1.0919613605832443
2020-10-09,sh.600011,0.4048834785368295
2020-10-09,sh.600015,0.45612619030718204
2020-10-12,sh.600000,-0.0972544358228004
2020-10-12,sh.600009,-1.8545857399242343
2020-10-12,sh.600010,1.0828057239782787
2020-10-12,sh.600011,0.41244198047206415
2020-10-12,sh.600015,0.45659247129669167
2020-10-13,sh.600000,-0.08873240138222
2020-10-13,sh.600009,-1.8600086715238155
2020-10-13,sh.600010,1.0708821494472471
2020-10-13,sh.600011,0.4250086132188577
2020-10-13,sh.600015,0.45285031023993083
2020-10-14,sh.600000,-0.08113514828421144
2020-10-14,sh.600009,-1.8653705224989359
2020-10-14,sh.600010,1.0576699472608204
2020-10-14,sh.600011,0.43636452519299856
2020-10-14,sh.600015,0.4524711983293284
2020-10-15,sh.600000,-0.07208778169421873
2020-10-15,sh.600009,-1.8725708605270954
2020-10-15,sh.600010,1.037829892007222
2020-10-15,sh.600011,0.45670437376895345
2020-10-15,sh.600015,0.45012437644513864
2020-10-16,sh.600000,-0.07291192187599176
2020-10-16,sh.600009,-1.8709803946806105
2020-10-16,sh.600010,1.0433864985730024
2020-10-16,sh.600011,0.4485999038693005
2020-10-16,sh.600015,0.4519059141142993
2020-10-19,sh.600000,-0.07417828653068774
2020-10-19,sh.600009,-1.871344358651064
2020-10-19,sh.600010,1.0407877754662436
2020-10-19,sh.600011,0.45766306281839364
2020-10-19,sh.600015,0.4470718068971145
2020-10-20,sh.600000,-0.07520555432868911
2020-10-20,sh.600009,-1.8687957364243195
2020-10-20,sh.600010,1.0498498142708266
2020-10-20,sh.600011,0.44500738786506644
2020-10-20,sh.600015,0.4491440886171155
2020-10-21,sh.600000,-0.07524224648277102
2020-10-21,sh.600009,-1.8703272114793548
2020-10-21,sh.600010,1.0438358632584754
2020-10-21,sh.600011,0.45632935212192105
2020-10-21,sh.600015,0.4454042425817292
2020-10-22,sh.600000,-0.07956971878614541
2020-10-22,sh.600009,-1.870342694261933
2020-10-22,sh.600010,1.039524731038965
2020-10-22,sh.600011,0.4705615612814274
2020-10-22,sh.600015,0.4398261207276859
2020-10-23,sh.600000,-0.08272019190096387
2020-10-23,sh.600009,-1.8703509606102948
2020-10-23,sh.600010,1.036091784142647
2020-10-23,sh.600011,0.4812150864864877
2020-10-23,sh.600015,0.4357642818821242
2020-10-26,sh.600000,-0.07750498953078479
2020-10-26,sh.600009,-1.8713760624915377
2020-10-26,sh.600010,1.037410139510879
2020-10-26,sh.600011,0.4686814902547832
2020-10-26,sh.600015,0.4427894222566601
2020-10-27,sh.600000,-0.07565987615409957
2020-10-27,sh.600009,-1.870258443528249
2020-10-27,sh.600010,1.0437186182364508
2020-10-27,sh.600011,0.4573541633143226
2020-10-27,sh.600015,0.444845538131575
2020-10-28,sh.600000,-0.07868689258199718
2020-10-28,sh.600009,-1.8694932772023694
2020-10-28,sh.600010,1.0438602254394664
2020-10-28,sh.600011,0.4636013074239177
2020-10-28,sh.600015,0.44071863692098223
2020-10-29,sh.600000,-0.07893036043756464
2020-10-29,sh.600009,-1.8693106059693767
2020-10-29,sh.600010,1.0443522872810689
2020-10-29,sh.600011,0.4635371074525803
2020-10-29,sh.600015,0.44035157167329214
2020-10-30,sh.600000,-0.08010979972681674
2020-10-30,sh.600009,-1.8691069602709687
2020-10-30,sh.600010,1.0439947646141001
2020-10-30,sh.600011,0.4664510130047675
2020-10-30,sh.600015,0.4387709823789179
2020-11-02,sh.600000,-0.08515604743291391
2020-11-02,sh.600009,-1.8694976025024668
2020-11-02,sh.600010,1.0369225876973889
2020-11-02,sh.600011,0.4853566394958514
2020-11-02,sh.600015,0.4323744227421405
2020-11-03,sh.600000,-0.08272232660302407
2020-11-03,sh.600009,-1.8670434493060852
2020-11-03,sh.600010,1.0496251644437702
2020-11-03,sh.600011,0.4653383940974072
2020-11-03,sh.600015,0.4348022173679317
2020-11-04,sh.600000,-0.08633215000247754
2020-11-04,sh.600009,-1.8665471301430026
2020-11-04,sh.600010,1.047855465657153
2020-11-04,sh.600011,0.4750223662134901
2020-11-04,sh.600015,0.43000144827483694
2020-11-05,sh.600000,-0.08430364655157421
2020-11-05,sh.600009,-1.8673433423528043
2020-11-05,sh.600010,1.0467923075183478
2020-11-05,sh.600011,0.47200544905796277
2020-11-05,sh.600015,0.43284923232806777
2020-11-06,sh.600000,-0.07721984798655623
2020-11-06,sh.600009,-1.8676388162483923
2020-11-06,sh.600010,1.0525169250101805
2020-11-06,sh.600011,0.45026842395886335
2020-11-06,sh.600015,0.44207331526590504
2020-11-09,sh.600000,-0.07913543748396029
2020-11-09,sh.600009,-1.866494566106272
2020-11-09,sh.600010,1.0551876673156686
2020-11-09,sh.600011,0.45117208647320806
2020-11-09,sh.600015,0.43927024980135554
2020-11-10,sh.600000,-0.0780936628781284
2020-11-10,sh.600009,-1.866827203848086
2020-11-10,sh.600010,1.0548488166955703
2020-11-10,sh.600011,0.4493613910310655
2020-11-10,sh.600015,0.4407106589995784
2020-11-11,sh.600000,-0.0769930094427538
2020-11-11,sh.600009,-1.8677532596182265
2020-11-11,sh.600010,1.0522793520015872
2020-11-11,sh.600011,0.4500677778347436
2020-11-11,sh.600015,0.4423991392246494
2020-11-12,sh.600000,-0.08438454081922164
2020-11-12,sh.600009,-1.8646369851924367
2020-11-12,sh.600010,1.0574294749802042
2020-11-12,sh.600011,0.4596321274463559
2020-11-12,sh.600015,0.43195992358509844
2020-11-13,sh.600000,-0.08269337399191158
2020-11-13,sh.600009,-1.8665791037909198
2020-11-13,sh.600010,1.0514932641139167
2020-11-13,sh.600011,0.46307432505887486
2020-11-13,sh.600015,0.43470488861003986
2020-11-16,sh.600000,-0.08124752480037703
2020-11-16,sh.600009,-1.8678333062958312
2020-11-16,sh.600010,1.0479571529045844
2020-11-16,sh.600011,0.46418981732709724
2020-11-16,sh.600015,0.4369338608645265
2020-11-17,sh.600000,-0.08017722000430491
2020-11-17,sh.600009,-1.867854468139814
2020-11-17,sh.600010,1.0489240497598953
2020-11-17,sh.600011,0.4607869037114855
2020-11-17,sh.600015,0.438320734672738
2020-11-18,sh.600000,-0.07995803266595747
2020-11-18,sh.600009,-1.8695465369713096
2020-11-18,sh.600010,1.042371516338319
2020-11-18,sh.600011,0.4680387904995792
2020-11-18,sh.600015,0.4390942627993689
2020-11-19,sh.600000,-0.08094152162640533
2020-11-19,sh.600009,-1.870036853912512
2020-11-19,sh.600010,1.0393429936220007
2020-11-19,sh.600011,0.473667647703045
2020-11-19,sh.600015,0.4379677342138717
2020-11-20,sh.600000,-0.08051656945448797
2020-11-20,sh.600009,-1.86972118311739
2020-11-20,sh.600010,1.0410855826598973
2020-11-20,sh.600011,0.47072778755287686
2020-11-20,sh.600015,0.4384243823591039
2020-11-23,sh.600000,-0.0789372281228617
2020-11-23,sh.600009,-1.8716942075941856
2020-11-23,sh.600010,1.0345991044601557
2020-11-23,sh.600011,0.47499827929641786
2020-11-23,sh.600015,0.4410340519604736
2020-11-24,sh.600000,-0.07781749137463939
2020-11-24,sh.600009,-1.8739065908140986
2020-11-24,sh.600010,1.0264417778432258
2020-11-24,sh.600011,0.48216206747621077
2020-11-24,sh.600015,0.4431202368693015
2020-11-25,sh.600000,-0.07651626237621503
2020-11-25,sh.600009,-1.8743565373111588
2020-11-25,sh.600010,1.0259532912476002
2020-11-25,sh.600011,0.4799901315866415
2020-11-25,sh.600015,0.4449293768531322
2020-11-26,sh.600000,-0.07494183469351759
2020-11-26,sh.600009,-1.8737375788713246
2020-11-26,sh.600010,1.0302595351847659
2020-11-26,sh.600011,0.4716389495206595
2020-11-26,sh.600015,0.4467809288594169
2020-11-27,sh.600000,-0.07623236313731943
2020-11-27,sh.600009,-1.8749512971848725
2020-11-27,sh.600010,1.0237034550529924
2020-11-27,sh.600011,0.48201208286572395
2020-11-27,sh.600015,0.4454681224034755
2020-11-30,sh.600000,-0.07817853670083698
2020-11-30,sh.600009,-1.8745856089611956
2020-11-30,sh.600010,1.0230806912698547
2020-11-30,sh.600011,0.48683203800398467
2020-11-30,sh.600015,0.44285141638819336
2020-12-01,sh.600000,-0.08105007690361865
2020-12-01,sh.600009,-1.8740235163279026
2020-12-01,sh.600010,1.0221432290706873
2020-12-01,sh.600011,0.4939463789308358
2020-12-01,sh.600015,0.43898398522999815
2020-12-02,sh.600000,-0.08064647856104261
2020-12-02,sh.600009,-1.8756070923870527
2020-12-02,sh.600010,1.0154955391658562
2020-12-02,sh.600011,0.5007940880954687
2020-12-02,sh.600015,0.43996394368677055
2020-12-03,sh.600000,-0.08689073414602093
2020-12-03,sh.600009,-1.8721188213994662
2020-12-03,sh.600010,1.0232713267409306
2020-12-03,sh.600011,0.5048413629582793
2020-12-03,sh.600015,0.4308968658462772
2020-12-04,sh.600000,-0.08497467447321283
2020-12-04,sh.600009,-1.8737082313199107
2020-12-04,sh.600010,1.0185514781173894
2020-12-04,sh.600011,0.5063017756663503
2020-12-04,sh.600015,0.4338296520093841
2020-12-07,sh.600000,-0.08375209830816839
2020-12-07,sh.600009,-1.8745471189558833
2020-12-07,sh.600010,1.0163123162143237
2020-12-07,sh.600011,0.5063367658618364
2020-12-07,sh.600015,0.4356501351878914
2020-12-08,sh.600000,-0.08337454314418641
2020-12-08,sh.600009,-1.875299181681082
2020-12-08,sh.600010,1.0133189110335683
2020-12-08,sh.600011,0.508999489038417
2020-12-08,sh.600015,0.43635532475328315
2020-12-09,sh.600000,-0.08462775936798403
2020-12-09,sh.600009,-1.8753811372410247
2020-12-09,sh.600010,1.011196124575445
2020-12-09,sh.600011,0.5140503759769174
2020-12-09,sh.600015,0.4347623960566464
2020-12-10,sh.600000,-0.08233878412667428
2020-12-10,sh.600009,-1.8769247313563138
2020-12-10,sh.600010,1.007039272909735
2020-12-10,sh.600011,0.5140612727612884
2020-12-10,sh.600015,0.43816296981196473
2020-12-11,sh.600000,-0.0829043159808247
2020-12-11,sh.600009,-1.877757818145317
2020-12-11,sh.600010,1.0021677725640756
2020-12-11,sh.600011,0.5208193219641182
2020-12-11,sh.600015,0.43767503959794796
2020-12-14,sh.600000,-0.08553211187069397
2020-12-14,sh.600009,-1.8764092318627363
2020-12-14,sh.600010,1.004901540303411
2020-12-14,sh.600011,0.5231458697087294
2020-12-14,sh.600015,0.43389393372129
2020-12-15,sh.600000,-0.08675871447078264
2020-12-15,sh.600009,-1.8771005988615586
2020-12-15,sh.600010,0.9995404544294486
2020-12-15,sh.600011,0.5318067675291438
2020-12-15,sh.600015,0.432512091373749
2020-12-16,sh.600000,-0.08951470974672505
2020-12-16,sh.600009,-1.8761975831756272
2020-12-16,sh.600010,0.9996787436763985
2020-12-16,sh.600011,0.5373387127809199
2020-12-16,sh.600015,0.42869483646503376
2020-12-17,sh.600000,-0.08761147197005871
2020-12-17,sh.600009,-1.8763442683375748
2020-12-17,sh.600010,1.0020168210979823
2020-12-17,sh.600011,0.5307462852665142
2020-12-17,sh.600015,0.431192633943137
2020-12-18,sh.600000,-0.07961024916018258
2020-12-18,sh.600009,-1.8776138191374798
2020-12-18,sh.600010,1.007509141452158
2020-12-18,sh.600011,0.5078321746780878
2020-12-18,sh.600015,0.44188275216741685
2020-12-21,sh.600000,-0.08145922131035603
2020-12-21,sh.600009,-1.8778255562951591
2020-12-21,sh.600010,1.0039327851342803
2020-12-21,sh.600011,0.5157930761330026
2020-12-21,sh.600015,0.4395589163382323
2020-12-22,sh.600000,-0.08477937961888087
2020-12-22,sh.600009,-1.8770446426188159
2020-12-22,sh.600010,1.0028946091555455
2020-12-22,sh.600011,0.5238801300756085
2020-12-22,sh.600015,0.43504928300654255
2020-12-23,sh.600000,-0.08610194688270026
2020-12-23,sh.600009,-1.8756665851272678
2020-12-23,sh.600010,1.0076903815892924
2020-12-23,sh.600011,0.5211347239509287
2020-12-23,sh.600015,0.43294342646974693
2020-12-24,sh.600000,-0.0843317280300975
2020-12-24,sh.600009,-1.8761007352862675
2020-12-24,sh.600010,1.008169810712944
2020-12-24,sh.600011,0.5169096520366828
2020-12-24,sh.600015,0.43535300056673815
2020-12-25,sh.600000,-0.08228735799315469
2020-12-25,sh.600009,-1.8755240474663528
2020-12-25,sh.600010,1.0137332322670385
2020-12-25,sh.600011,0.5062551160011007
2020-12-25,sh.600015,0.43782305719136844
2020-12-28,sh.600000,-0.0792042549927338
2020-12-28,sh.600009,-1.876891562129407
2020-12-28,sh.600010,1.0114309904581305
2020-12-28,sh.600011,0.5024678092115114
2020-12-28,sh.600015,0.4421970174524989
2020-12-29,sh.600000,-0.08300516385163649
2020-12-29,sh.600009,-1.8764420968421038
2020-12-29,sh.600010,1.0084163474058254
2020-12-29,sh.600011,0.5138675833201691
2020-12-29,sh.600015,0.43716332996774604
2020-12-30,sh.600000,-0.0864974596914636
2020-12-30,sh.600009,-1.8744570109978145
2020-12-30,sh.600010,1.0129405568365821
2020-12-30,sh.600011,0.5159315396482399
2020-12-30,sh.600015,0.43208237420445583
2020-12-31,sh.600000,-0.09024665799601059
2020-12-31,sh.600009,-1.8744488826653516
2020-12-31,sh.600010,1.00734759272502
2020-12-31,sh.600011,0.530104547150132
2020-12-31,sh.600015,0.42724340078621015
2021-01-04,sh.600000,-0.08739415834707592
2021-01-04,sh.600009,-1.876617486638573
2021-01-04,sh.600010,1.00098043881571
2021-01-04,sh.600011,0.5314789847120676
2021-01-04,sh.600015,0.43155222145787137
2021-01-05,sh.600000,-0.09187545663263429
2021-01-05,sh.600009,-1.875197785934193
2021-01-05,sh.600010,1.0008794833458377
2021-01-05,sh.600011,0.5408343619463326
2021-01-05,sh.600015,0.42535939727465694
2021-01-06,sh.600000,-0.09096691813852256
2021-01-06,sh.600009,-1.8770934725760238
2021-01-06,sh.600010,0.9924562013110072
2021-01-06,sh.600011,0.5485229161047681
2021-01-06,sh.600015,0.42708127329877105
2021-01-07,sh.600000,-0.0879232188182566
2021-01-07,sh.600009,-1.8785369616565237
2021-01-07,sh.600010,0.9900874491991206
2021-01-07,sh.600011,0.5449462944183353
2021-01-07,sh.600015,0.431426436857324
2021-01-08,sh.600000,-0.08641048707775861
2021-01-08,sh.600009,-1.8786160584649236
2021-01-08,sh.600010,0.9922637286079344
2021-01-08,sh.600011,0.5393619543439745
2021-01-08,sh.600015,0.4334008625907735
2021-01-11,sh.600000,-0.08778777563864701
2021-01-11,sh.600009,-1.878995202787297
2021-01-11,sh.600010,0.9878519967944679
2021-01-11,sh.600011,0.5471969093820057
2021-01-11,sh.600015,0.4317340722494701
2021-01-12,sh.600000,-0.08582763664947927
2021-01-12,sh.600009,-1.8798876548890897
2021-01-12,sh.600010,0.9864700393718526
2021-01-12,sh.600011,0.544723675335248
2021-01-12,sh.600015,0.43452157683146825
2021-01-13,sh.600000,-0.0793381641895519
2021-01-13,sh.600009,-1.8831917674398522
2021-01-13,sh.600010,0.9796775859981174
2021-01-13,sh.600011,0.5390007646934237
2021-01-13,sh.600015,0.44385158093786287
2021-01-14,sh.600000,-0.07763866435097641
2021-01-14,sh.600009,-1.8824554661239914
2021-01-14,sh.600010,0.9863387535246332
2021-01-14,sh.600011,0.5279249300497839
2021-01-14,sh.600015,0.44583044690055074
2021-01-15,sh.600000,-0.08108150426314747
2021-01-15,sh.600009,-1.8824652625009026
2021-01-15,sh.600010,0.9806745576100167
2021-01-15,sh.600011,0.541480322200244
2021-01-15,sh.600015,0.44139188695378945
2021-01-18,sh.600000,-0.08068329589992293
2021-01-18,sh.600009,-1.8829819550355402
2021-01-18,sh.600010,0.9785294390382623
2021-01-18,sh.600011,0.5430803587004197
2021-01-18,sh.600015,0.4420554531967813
2021-01-19,sh.600000,-0.07926422398486027
2021-01-19,sh.600009,-1.883891386815625
2021-01-19,sh.600010,0.9759654549359138
2021-01-19,sh.600011,0.5430402714815551
2021-01-19,sh.600015,0.44414988438301617
2021-01-20,sh.600000,-0.07867127047290214
2021-01-20,sh.600009,-1.883749252900306
2021-01-20,sh.600010,0.977762879114557
2021-01-20,sh.600011,0.539784050636361
2021-01-20,sh.600015,0.44487359362229006
2021-01-21,sh.600000,-0.07794112465960013
2021-01-21,sh.600009,-1.8852698731936468
2021-01-21,sh.600010,0.9705649178226488
2021-01-21,sh.600011,0.5463895283359879
2021-01-21,sh.600015,0.44625655169461026
2021-01-22,sh.600000,-0.07900247732978714
2021-01-22,sh.600009,-1.8844480387193485
2021-01-22,sh.600010,0.9733194832892972
2021-01-22,sh.600011,0.5454820333828673
2021-01-22,sh.600015,0.4446489993769713
2021-01-25,sh.600000,-0.08174287892903058
2021-01-25,sh.600009,-1.883078108488362
2021-01-25,sh.600010,0.9761277536472517
2021-01-25,sh.600011,0.5479767967413633
2021-01-25,sh.600015,0.4407164370287776
2021-01-26,sh.600000,-0.08316244619820816
2021-01-26,sh.600009,-1.8827562529577513
2021-01-26,sh.600010,0.9753609588204838
2021-01-26,sh.600011,0.5517659528891731
2021-01-26,sh.600015,0.4387917874463024
2021-01-27,sh.600000,-0.08348414762488546
2021-01-27,sh.600009,-1.8830694288889291
2021-01-27,sh.600010,0.972972060094778
2021-01-27,sh.600011,0.5551139031343441
2021-01-27,sh.600015,0.43846761328469264
2021-01-28,sh.600000,-0.08503673532536768
2021-01-28,sh.600009,-1.8824833868826207
2021-01-28,sh.600010,0.9733942656052829
2021-01-28,sh.600011,0.5578311192332378
2021-01-28,sh.600015,0.4362947373694676
2021-01-29,sh.600000,-0.08570656820561995
2021-01-29,sh.600009,-1.8842075047135622
2021-01-29,sh.600010,0.9632523958379987
2021-01-29,sh.600011,0.5660899781394659
2021-01-29,sh.600015,0.4405716989417174
2021-02-01,sh.600000,-0.10454764923173282
2021-02-01,sh.600009,-1.8797363034323005
2021-02-01,sh.600010,0.9573920355954176
2021-02-01,sh.600011,0.5902841134618388
2021-02-01,sh.600015,0.4366078036067767
2021-02-02,sh.600000,-0.09712353892782447
2021-02-02,sh.600009,-1.8802630100771625
2021-02-02,sh.600010,0.9604516524691691
2021-02-02,sh.600011,0.5968766177394882
2021-02-02,sh.600015,0.4200582787963294
2021-02-03,sh.600000,-0.09746424244953489
2021-02-03,sh.600009,-1.8816616800569457
2021-02-03,sh.600010,0.949889803262429
2021-02-03,sh.600011,0.6092116913509299
2021-02-03,sh.600015,0.4200244278931215
2021-02-04,sh.600000,-0.1035574478800444
2021-02-04,sh.600009,-1.878665868657634
2021-02-04,sh.600010,0.9540152811673974
2021-02-04,sh.600011,0.6169129915809741
2021-02-04,sh.600015,0.4112950437893069
2021-02-05,sh.600000,-0.10060964062245993
2021-02-05,sh.600009,-1.882180798327822
2021-02-05,sh.600010,0.9406073048053788
2021-02-05,sh.600011,0.619727762804997
2021-02-05,sh.600015,0.4224553713399063
2021-02-08,sh.600000,-0.11342903135988018
2021-02-08,sh.600009,-1.8783447746254265
2021-02-08,sh.600010,0.94310127901893
2021-02-08,sh.600011,0.623476834357439
2021-02-08,sh.600015,0.42519569260893764
2021-02-09,sh.600000,-0.12162663687426047
2021-02-09,sh.600009,-1.8758258822247953
2021-02-09,sh.600010,0.9450693136203396
2021-02-09,sh.600011,0.6251183626255001
2021-02-09,sh.600015,0.42726484285321625
2021-02-10,sh.600000,-0.12932733444736227
2021-02-10,sh.600009,-1.873284660415685
2021-02-10,sh.600010,0.9491425495825948
2021-02-10,sh.600011,0.6224125834981219
2021-02-10,sh.600015,0.4310568617823305
2021-02-18,sh.600000,-0.14772809992425875
2021-02-18,sh.600009,-1.8672779542623412
2021-02-18,sh.600010,0.9558165015257549
2021-02-18,sh.600011,0.6215812187969159
2021-02-18,sh.600015,0.43760833386392894
2021-02-19,sh.600000,-0.15666094979396336
2021-02-19,sh.600009,-1.864054534978223
2021-02-19,sh.600010,0.962109574171784
2021-02-19,sh.600011,0.6152679706938274
2021-02-19,sh.600015,0.44333793990657483
2021-02-22,sh.600000,-0.1425817042519407
2021-02-22,sh.600009,-1.868030763287799
2021-02-22,sh.600010,0.9652861819053502
2021-02-22,sh.600011,0.6001247149837017
2021-02-22,sh.600015,0.4452015706506879
2021-02-23,sh.600000,-0.1640557538392719
2021-02-23,sh.600009,-1.8612802203183374
2021-02-23,sh.600010,0.9678121261415006
2021-02-23,sh.600011,0.6090208643651254
2021-02-23,sh.600015,0.4485029836509836
2021-02-24,sh.600000,-0.17213282599927446
2021-02-24,sh.600009,-1.8585748681194345
2021-02-24,sh.600010,0.9699069468595425
2021-02-24,sh.600011,0.610090873526203
2021-02-24,sh.600015,0.4507098737329635
2021-02-25,sh.600000,-0.18376469392398762
2021-02-25,sh.600009,-1.854763790313723
2021-02-25,sh.600010,0.9713578102128047
2021-02-25,sh.600011,0.6145766951800897
2021-02-25,sh.600015,0.45259397884481617
2021-02-26,sh.600000,-0.18487743289619588
2021-02-26,sh.600009,-1.8547356477290735
2021-02-26,sh.600010,0.9675122037427841
2021-02-26,sh.600011,0.6226414378285404
2021-02-26,sh.600015,0.4494594390539451
2021-03-01,sh.600000,-0.20224981582228363
2021-03-01,sh.600009,-1.8489348084176256
2021-03-01,sh.600010,0.9691146887997762
2021-03-01,sh.600011,0.6302373600104146
2021-03-01,sh.600015,0.4518325754297183
2021-03-02,sh.600000,-0.23161579826657347
2021-03-02,sh.600009,-1.838568325221819
2021-03-02,sh.600010,0.9745336643243652
2021-03-02,sh.600011,0.6374907420378315
2021-03-02,sh.600015,0.4581597171261962
2021-03-03,sh.600000,-0.2393024510983245
2021-03-03,sh.600009,-1.8359982514336648
2021-03-03,sh.600010,0.9729895154451914
2021-03-03,sh.600011,0.6449404107434192
2021-03-03,sh.600015,0.4573707763433786
2021-03-04,sh.600000,-0.2751790809464785
2021-03-04,sh.600009,-1.822491321416006
2021-03-04,sh.600010,0.9811566332134715
2021-03-04,sh.600011,0.6499956973051729
2021-03-04,sh.600015,0.4665180718438402
2021-03-05,sh.600000,-0.279764915930157
2021-03-05,sh.600009,-1.8208329086419253
2021-03-05,sh.600010,0.9805761642720691
2021-03-05,sh.600011,0.6536730875169846
2021-03-05,sh.600015,0.4663485727830285
2021-03-08,sh.600000,-0.24497013902182768
2021-03-08,sh.600009,-1.8334978958316541
2021-03-08,sh.600010,0.9796985333473001
2021-03-08,sh.600011,0.6354622507278002
2021-03-08,sh.600015,0.46330725077838153
2021-03-09,sh.600000,-0.2230852829375776
2021-03-09,sh.600009,-1.8412057303226248
2021-03-09,sh.600010,0.978086533229859
2021-03-09,sh.600011,0.6256281827769308
2021-03-09,sh.600015,0.4605762972534126
