obs,ic_mean,ic_std,ic_ir,ic_positive_ratio,ic_tstat,rank_ic_mean,rank_ic_std,rank_ic_ir,rank_ic_positive_ratio,rank_ic_tstat,factor
11.0,0.13699797859036875,0.16282580203530728,5.973188239207301,0.8181818181818182,2.790533725870235,0.14609625668449197,0.15528186217503637,6.679341155118674,0.8181818181818182,3.120431838663313,g_reversal_neg_overnight_gap
11.0,0.06880883967396378,0.09950426579401199,4.90928000377058,0.6363636363636364,2.293500702077357,0.06411055331223399,0.1417979731624499,3.20977633071791,0.7272727272727273,1.4995323677522374,g_liquidity_tanh_amihud_20
11.0,0.06880883967396378,0.09950426579401199,4.90928000377058,0.6363636363636364,2.293500702077357,0.06411055331223399,0.1417979731624499,3.20977633071791,0.7272727272727273,1.4995323677522374,g_liquidity_lvl_amihud_20
11.0,0.06880883967396378,0.09950426579401199,4.90928000377058,0.6363636363636364,2.293500702077357,0.06411055331223399,0.1417979731624499,3.20977633071791,0.7272727272727273,1.4995323677522374,g_liquidity_neg_barra_liquidity_proxy
11.0,0.08914479862306797,0.13896310429957429,4.55419654211655,0.8181818181818182,2.127614020532592,0.012795778306429027,0.16351694790059976,0.555544948603423,0.45454545454545453,0.2595375958753367,g_reversal_sym_overnight_gap__body_ratio
11.0,0.12451481854459373,0.19770004307449546,4.471256086132958,0.7272727272727273,2.088866180954714,0.1709314634944887,0.22495691965875217,5.394335112746275,0.8181818181818182,2.5201070948941307,g_reversal_neg_last30_momentum
11.0,0.09664795912549536,0.17150792744472565,4.000587347155409,0.8181818181818182,1.8689807634471007,0.0864040161519153,0.22080219655677918,2.7780867823215383,0.7272727272727273,1.2978571156651488,g_trend_sym_ret_20d__ma_gap_5
11.0,0.09492350338933728,0.17030918060574007,3.9568625767227883,0.7272727272727273,1.8485535742037973,0.022378481714635298,0.15735887782955976,1.009612308434104,0.5454545454545454,0.47166723764810725,g_trend_ratio_ret_5d__ma_gap_5
11.0,0.07761530531878548,0.14127837547313135,3.900200611320578,0.7272727272727273,1.8220824303026057,0.061307432063734575,0.18352664780115321,2.3715334883400025,0.5454545454545454,1.1079249332550274,g_reversal_sym_ret_3d__body_ratio
11.0,0.08349955176807021,0.1575831686687863,3.761747000921743,0.6363636363636364,1.757400144425454,0.059959074538906476,0.17872709251882132,2.381660197301979,0.7272727272727273,1.1126558946375902,g_liquidity_rel_amihud_20_to_vol_ratio_5
11.0,0.06689399971732833,0.12849818757884798,3.695774206267499,0.7272727272727273,1.7265791990441963,0.04981174287896977,0.16506861393306932,2.1423109189737395,0.6363636363636364,1.0008375144543646,g_reversal_sym_ret_5d__body_ratio
11.0,0.09552265152026874,0.20386703236153808,3.326401258355188,0.5454545454545454,1.554016804005696,0.04655462184873949,0.1899027110898026,1.7403913122584058,0.45454545454545453,0.8130700822703617,g_trend_sym_ret_5d__ma_gap_5
11.0,0.05754356967450642,0.1251318070311974,3.264708060490388,0.6363636363636364,1.525195186068312,0.011730592830495113,0.21042128345693945,0.3957724538970447,0.45454545454545453,0.1848956262789221,g_reversal_rel_close_pos_to_ret_1d
11.0,0.06779238455311708,0.1475233566826463,3.2623863614946287,0.6363636363636364,1.5241105426434725,0.023682472700914173,0.2560978172599223,0.6565025791726472,0.5454545454545454,0.3067026376763223,g_trend_rel_breakout_20_to_ret_3d
11.0,0.07689244066100367,0.16804921519458846,3.2483470736189397,0.8181818181818182,1.5175517159774787,0.010879078904288986,0.20371850610832148,0.37912018889547844,0.7272727272727273,0.1771160778638924,g_reversal_sym_ret_5d__overnight_gap
11.0,0.06062620165548991,0.13342829854027152,3.22572752434741,0.6363636363636364,1.5069843920328105,-0.027632325657535737,0.15150719996363796,-1.2947902929112782,0.45454545454545453,-0.6048957165926889,g_liquidity_ratio_amount_ratio_20__ret_vol_corr_20
11.0,0.05775575230598023,0.12804951470961592,3.2020829381507325,0.6363636363636364,1.4959381948306223,-0.019077267270544592,0.15467614504563368,-0.8756047173228372,0.45454545454545453,-0.40906202791036,g_liquidity_ratio_vol_ratio_20__ret_vol_corr_20
11.0,0.09544254131936372,0.2116598952016713,3.201243326379643,0.5454545454545454,1.495545947864675,0.08559980914756156,0.23099484180352947,2.6307875780142385,0.6363636363636364,1.2290423753702873,rev_1
11.0,0.09544254131936372,0.2116598952016713,3.201243326379643,0.5454545454545454,1.495545947864675,0.08559980914756156,0.23099484180352947,2.6307875780142385,0.6363636363636364,1.2290423753702873,g_reversal_neg_ret_1d
11.0,0.09544254131936372,0.2116598952016713,3.201243326379643,0.5454545454545454,1.495545947864675,0.08559980914756156,0.23099484180352947,2.6307875780142385,0.6363636363636364,1.2290423753702873,g_trend_neg_ret_1d
11.0,0.08702703449707422,0.19366708143508118,3.190168668146147,0.7272727272727273,1.4903721267719117,0.05394357743097238,0.22370331006097882,1.7119165976423982,0.7272727272727273,0.7997673621335786,downside_vol_ratio_20
11.0,0.08702703449707422,0.19366708143508118,3.190168668146147,0.7272727272727273,1.4903721267719117,0.05394357743097238,0.22370331006097882,1.7119165976423982,0.7272727272727273,0.7997673621335786,g_volatility_neg_downside_vol_ratio_20
11.0,0.0870270344970742,0.19366708143508118,3.1901686681461467,0.7272727272727273,1.4903721267719114,0.05394357743097238,0.22370331006097882,1.7119165976423982,0.7272727272727273,0.7997673621335786,vol_asymmetry_alpha
11.0,0.06567445724589388,0.14678002055189537,3.1764704268407113,0.7272727272727273,1.4839726290803736,0.03634180945105314,0.23641130697879734,1.0913236608970647,0.6363636363636364,0.5098408688318152,g_trend_rel_ma_gap_10_to_ret_1d
11.0,0.02003491256111155,0.04544359481011632,3.1298969631489117,0.18181818181818182,1.4622145970281633,0.04314744079449962,0.10467306451843336,2.9264113363017916,0.18181818181818182,1.3671508753259836,amihud_reversal_20
11.0,0.09121199285715222,0.20827785138457902,3.109024353753507,0.8181818181818182,1.4524634025015157,0.05462894248608534,0.24030911173878444,1.6138673055327866,0.6363636363636364,0.7539610279829768,g_volatility_diff_realized_vol_20__downside_vol_ratio_20
11.0,0.08706674657747084,0.20213132560245373,3.0579752109495693,0.7272727272727273,1.4286144379341343,0.08100904657139368,0.23536081048643342,2.4435129111530105,0.5454545454545454,1.1415520347098156,turnover_pressure_reversal
11.0,0.05139140123083867,0.11992806184388445,3.0421800386571918,0.7272727272727273,1.421235303170141,0.00600512932445706,0.15223155041797715,0.2800483139830678,0.6363636363636364,0.13083201696428676,g_reversal_sym_ret_1d__body_ratio
11.0,0.07982856760113176,0.1916013903087305,2.9578418453303077,0.5454545454545454,1.381834473423502,0.07251403467999441,0.21057549118941032,2.444722197088472,0.6363636363636364,1.1421169847920805,g_reversal_neg_close_pos
11.0,0.08512574085527302,0.2066129267774969,2.9249515933972523,0.8181818181818182,1.3664689176104239,0.05221870566408381,0.24006683184111546,1.5442201315842394,0.6363636363636364,0.7214234986047359,g_volatility_diff_atr_norm_14__downside_vol_ratio_20
11.0,0.035514045805575975,0.0910559336230808,2.7688993353402034,0.6363636363636364,1.293564955493839,0.029371384917603407,0.11596270863045977,1.7981310567665885,0.7272727272727273,0.8400447393413729,g_liquidity_tanh_ret_vol_corr_20
11.0,0.07560540213643979,0.19478508984727247,2.75557595146457,0.6363636363636364,1.287340582418899,0.07115355233002292,0.2208150836544872,2.2876159660942528,0.6363636363636364,1.0687206311904893,g_reversal_diff_ret_1d__close_pos
11.0,0.058882088629395875,0.1519510543855146,2.7510263923006266,0.36363636363636365,1.2852151348728977,0.03310541354747259,0.18610771628958903,1.2628445829377635,0.5454545454545454,0.5899714286734132,g_reversal_neg_body_ratio
11.0,0.07359800768276423,0.19119001666395083,2.732852015555115,0.5454545454545454,1.2767244914804585,0.058259303721488596,0.2132159565884976,1.9398174195153237,0.6363636363636364,0.9062372914446196,g_reversal_diff_overnight_gap__close_pos
11.0,0.05354539072310511,0.13943877990412917,2.726175347371219,0.6363636363636364,1.2736053083913819,0.029206046054785547,0.26817422162837584,0.7731628978795647,0.6363636363636364,0.36120360780908783,g_trend_sym_ret_10d__ma_gap_5
11.0,0.03855023474116117,0.10039136389787208,2.726126099268133,0.45454545454545453,1.2735823008304124,0.06491760340499836,0.20537057607343895,2.244086149522725,0.5454545454545454,1.0483845198276378,g_trend_rel_ma_gap_10_to_ret_3d
11.0,0.08419074860756219,0.21940600675617994,2.724150681880226,0.6363636363636364,1.272659432067054,-0.017477900251009485,0.18956387901855007,-0.6545592094530446,0.5454545454545454,-0.30579474083342856,g_reversal_sym_ret_5d__close_pos
11.0,0.056376276635346806,0.14809146018532574,2.7025991913220833,0.36363636363636365,1.2625910801523228,0.03178816981337989,0.1821753634091098,1.2387713371693163,0.5454545454545454,0.5787249717532927,g_reversal_diff_ret_1d__body_ratio
11.0,0.08643135291994956,0.22737247878901934,2.6986631752040653,0.7272727272727273,1.2607522655556553,0.08871876023136527,0.25837532101688343,2.43769689018625,0.7272727272727273,1.1388349258546848,g_volatility_rel_realized_vol_20_to_atr_norm_14
11.0,0.08643135291994956,0.22737247878901934,2.6986631752040653,0.7272727272727273,1.2607522655556553,0.08871876023136527,0.25837532101688343,2.43769689018625,0.7272727272727273,1.1388349258546848,g_volatility_rel_barra_volatility_proxy_to_atr_norm_14
11.0,0.06084031346364958,0.16271052688524756,2.654550915936158,0.7272727272727273,1.2401440505987862,0.007813489031976435,0.17130006364477632,0.32381931574808953,0.7272727272727273,0.15128080440391187,g_liquidity_diff_vol_ratio_20__turn_ratio_5
11.0,0.0320907773993566,0.08604770235950884,2.6476235045033083,0.5454545454545454,1.2369077261331582,0.03350960710449005,0.15388850877770885,1.5458893769658875,0.5454545454545454,0.7222033309735982,g_reversal_rel_overnight_gap_to_ret_1d
11.0,0.05421582602031128,0.14721843699122444,2.6144428004918625,0.5454545454545454,1.2214064779079148,0.09662727410571942,0.16440055251746877,4.172647749018696,0.8181818181818182,1.9493633556337497,g_reversal_neg_signed_vol_imbalance_5m
11.0,0.05421582602031128,0.14721843699122444,2.6144428004918625,0.5454545454545454,1.2214064779079148,0.09662727410571942,0.16440055251746877,4.172647749018696,0.8181818181818182,1.9493633556337497,g_liquidity_neg_signed_vol_imbalance_5m
11.0,0.05477130015756679,0.15126044863352278,2.57064990471897,0.36363636363636365,1.2009474621003042,0.028836625559314634,0.18486791188084065,1.1073838120326966,0.5454545454545454,0.5173437955087923,g_reversal_diff_overnight_gap__body_ratio
11.0,0.06447959771607703,0.18010449339123333,2.5416341632865507,0.6363636363636364,1.1873919868991674,-0.011381097893702941,0.16267826577734001,-0.4966722469287037,0.5454545454545454,-0.23203364773620963,g_liquidity_sym_vol_ratio_20__turn_ratio_5
11.0,0.033456309946240756,0.09436213779622897,2.51707140400941,0.6363636363636364,1.1759168407262435,0.029371384917603407,0.11596270863045977,1.7981310567665885,0.7272727272727273,0.8400447393413729,ret_vol_corr_20
11.0,0.033456309946240756,0.09436213779622897,2.51707140400941,0.6363636363636364,1.1759168407262435,0.029371384917603407,0.11596270863045977,1.7981310567665885,0.7272727272727273,0.8400447393413729,g_liquidity_lvl_ret_vol_corr_20
11.0,0.058073384465055146,0.16397452329695134,2.5142938222008913,0.5454545454545454,1.174619219522519,0.044734257339299345,0.2263187201463887,1.4032499050144214,0.6363636363636364,0.6555655085610719,g_reversal_neg_morning_momentum_30m
11.0,0.05208473681460754,0.14905518424499972,2.480725189434403,0.36363636363636365,1.1589367400634971,0.018932118301866196,0.17125273474195424,0.7848324700147283,0.45454545454545453,0.36665535875105565,g_reversal_diff_ret_5d__body_ratio
11.0,0.0687655601138086,0.19761397228121738,2.470407544162251,0.5454545454545454,1.1541165777062286,-0.007372357715133019,0.17787424131033094,-0.2942446715903012,0.6363636363636364,-0.1374642229321932,g_trend_rel_ret_10d_to_ret_1d
11.0,0.06596019608455854,0.18958879089272992,2.4699294554767293,0.6363636363636364,1.1538932258633805,-0.011381097893702941,0.16267826577734001,-0.4966722469287037,0.5454545454545454,-0.23203364773620963,g_liquidity_ratio_vol_ratio_20__turn_ratio_5
11.0,0.07012625927535272,0.20379326873742526,2.4429023431457093,0.6363636363636364,1.1412667916288883,0.06563734584742988,0.21484971843368908,2.1688598576636067,0.7272727272727273,1.0132405571567267,g_trend_rel_ma_gap_20_to_ret_1d
11.0,0.06515128627939183,0.19080979683878665,2.424027784649444,0.6363636363636364,1.1324490397122453,-0.013022481719960712,0.1632760435651519,-0.5662217614809011,0.5454545454545454,-0.2645255529304725,g_liquidity_rel_vol_ratio_20_to_vol_ratio_5
11.0,0.06105505711397026,0.17953455281333225,2.414286832619968,0.6363636363636364,1.1278982949388066,0.04394957983193277,0.17096397550404346,1.8250105845013225,0.6363636363636364,0.8526022255071184,g_volatility_rel_intraday_range_to_atr_norm_14
11.0,0.07067068172138719,0.20783312142956084,2.4140140234469833,0.7272727272727273,1.1277708448790642,0.02432391138273491,0.1867037627683543,0.9249017689430025,0.6363636363636364,0.43209245648936845,g_liquidity_rel_crowding_proxy_raw_to_vol_ratio_5
11.0,0.04978225627812003,0.14691620138201744,2.4055819343566442,0.45454545454545453,1.1238315702331247,0.02172814580377606,0.17237863094390446,0.8948587890047112,0.5454545454545454,0.41805707950373194,g_reversal_diff_ret_3d__body_ratio
11.0,0.06536594055756598,0.1939838123580654,2.3922209677296027,0.5454545454545454,1.117589639376458,0.043443741132816766,0.22625757209207278,1.3631365504805153,0.6363636363636364,0.6368254882901703,g_reversal_diff_ret_5d__close_pos
11.0,0.06330722908331729,0.18793883128432257,2.391399045387883,0.6363636363636364,1.1172056564978405,0.07990487657472499,0.20623992965058022,2.750526296294074,0.9090909090909091,1.2849815017248083,g_trend_rel_ret_20d_to_ret_1d
11.0,0.06360245109896269,0.19294429621353246,2.3402226392993377,0.45454545454545453,1.0932972375028502,0.05195350867619774,0.2138311320768187,1.724881308096473,0.6363636363636364,0.8058241713817397,g_reversal_diff_ret_3d__close_pos
11.0,0.05156268774149863,0.15652276513116486,2.3386934744281813,0.45454545454545453,1.0925828474695063,0.04961912037542289,0.16978774508445046,2.074712811072791,0.5454545454545454,0.9692572607693333,g_liquidity_rel_amihud_20_to_vol_ratio_20
11.0,0.0716864484170724,0.21853735967636828,2.328770232223042,0.7272727272727273,1.0879469409930187,0.0283564334824839,0.16548423167490123,1.216494800612299,0.7272727272727273,0.5683178953196547,g_volatility_rel_minute_realized_vol_5m_to_atr_norm_14
11.0,0.05491810318550822,0.1704573101015656,2.2872580574341455,0.7272727272727273,1.0685534246423587,-0.01615518934846666,0.1904623862659937,-0.6021685917331665,0.6363636363636364,-0.28131907058636196,g_liquidity_tanh_vol_ratio_20
11.0,0.07135715385503222,0.22378542409608396,2.26371105449672,0.6363636363636364,1.0575528160546792,-0.015101887245932082,0.16448328383459246,-0.6518155601427905,0.5454545454545454,-0.30451297209860617,g_reversal_ratio_ret_5d__close_pos
11.0,0.06661009339401268,0.2194874789052779,2.1544953480399363,0.5454545454545454,1.0065297945028178,0.06687384044526902,0.21323837509389418,2.226415251770396,0.6363636363636364,1.0401290900354534,g_trend_rel_ma_cross_5_20_to_ret_1d
11.0,0.049575325025734744,0.1672579881376166,2.1042336911336794,0.6363636363636364,0.9830487249134819,-0.031282331114263894,0.18530442251800353,-1.1984739327331104,0.5454545454545454,-0.5598989676762492,g_liquidity_tanh_amount_ratio_20
11.0,0.036108604585395464,0.12815363501262955,2.0002995831921004,0.5454545454545454,0.9344931425570647,-0.019371930590417977,0.1465622801741949,-0.938352379256387,0.5454545454545454,-0.4383762667779286,g_liquidity_ratio_vol_ratio_5__ret_vol_corr_20
11.0,0.03608271345433871,0.12814850028468303,1.9989453901906138,0.5454545454545454,0.9338604952855153,-0.02012277638328058,0.14601196706270164,-0.9783961104215912,0.5454545454545454,-0.4570837606407058,g_liquidity_ratio_turn_ratio_5__ret_vol_corr_20
11.0,0.053607932438125276,0.1929473761927562,1.9724474822241387,0.5454545454545454,0.9214812929426024,-0.04304654038246669,0.20095725156369576,-1.5207220360000164,0.6363636363636364,-0.7104457383876563,g_trend_ratio_ret_5d__ret_10d
11.0,0.030196431977164425,0.10873189949893233,1.9715778155086792,0.6363636363636364,0.9210750050101667,-0.0032881694238687063,0.17347766630133749,-0.13456306901084467,0.45454545454545453,-0.06286471600988734,g_reversal_rel_last30_momentum_to_ret_1d
11.0,0.047223844588432005,0.17564053815215214,1.9087623063954102,0.7272727272727273,0.8917290695283899,-0.01824129651860745,0.19108583389913078,-0.6777077924566118,0.5454545454545454,-0.31660921695416333,g_liquidity_diff_amount_ratio_20__turn_ratio_5
11.0,0.03896207467771972,0.1560377466741372,1.7726690923563329,0.7272727272727273,0.8281495055787157,0.05062697806395286,0.22682776279826414,1.5845321809392092,0.7272727272727273,0.7402563444450199,g_trend_ratio_ret_20d__ma_gap_5
11.0,0.04872041259060864,0.1972464232464226,1.753545701103907,0.6363636363636364,0.8192155048230342,-0.03410291389282985,0.1821795568142937,-1.3289453303379302,0.5454545454545454,-0.6208521505824675,g_liquidity_sym_amount_ratio_20__turn_ratio_5
11.0,0.050406067014481935,0.20636037920526537,1.7340905177150334,0.6363636363636364,0.8101264985477443,-0.03410291389282985,0.1821795568142937,-1.3289453303379302,0.5454545454545454,-0.6208521505824675,g_liquidity_ratio_amount_ratio_20__turn_ratio_5
11.0,0.04577471798367148,0.189397671890671,1.7157986005019579,0.7272727272727273,0.8015809430002286,0.019216959511077148,0.20437988342259752,0.6675161787095367,0.5454545454545454,0.31184793357528384,g_trend_neg_close_to_vwap_day
11.0,0.05967283995286015,0.24812430048773626,1.7073504595139182,0.6363636363636364,0.7976341692834238,0.06303776055876896,0.24223081983102462,1.8475093519830073,0.5454545454545454,0.8631131230268132,g_trend_neg_ma_gap_5
11.0,0.0496427986395316,0.20772487226405403,1.6966139155516433,0.6363636363636364,0.7926183072636471,-0.03580814143839353,0.1828069682291354,-1.3906066515047977,0.5454545454545454,-0.6496588764727426,g_liquidity_rel_amount_ratio_20_to_vol_ratio_5
11.0,0.029524904078442934,0.12355189980308452,1.6965018431427235,0.45454545454545453,0.7925659496575738,0.09110444177671068,0.2009994902579107,3.217806047891078,0.5454545454545454,1.5032836636571358,g_reversal_rel_vwap30_vs_day_to_ret_1d
11.0,0.05021828597461671,0.22287453988586897,1.5996195162452387,0.5454545454545454,0.7473047943379325,0.04730512339742942,0.22096883921010244,1.5198209041726454,0.5454545454545454,0.7100247506914662,g_trend_diff_ret_5d__ret_10d
11.0,0.034803910187657536,0.1545430313942191,1.5987990470469127,0.5454545454545454,0.7469214903338937,0.023113609079995632,0.12941800752812288,1.2679096951442295,0.5454545454545454,0.5923377305328931,g_liquidity_ratio_amihud_20__ret_vol_corr_20
11.0,0.04349633020972959,0.1949022571710037,1.5843495926290783,0.8181818181818182,0.7401710434605262,0.01482211066244679,0.23126290851894882,0.4550083182532411,0.5454545454545454,0.21256923552197815,g_liquidity_neg_turn_ratio_5
11.0,0.04748298968026736,0.21299488651397908,1.5826473201465565,0.45454545454545453,0.7393757816032291,0.053650551129542735,0.2419553980294985,1.5741790932109403,0.5454545454545454,0.7354196242018851,g_trend_neg_open_to_close_intraday
11.0,0.03121618491879447,0.14034262940366907,1.579084912018195,0.45454545454545453,0.7377115079139694,0.04030846865750803,0.1678627652299202,1.7047362434600195,0.5454545454545454,0.7964128687362165,g_reversal_rel_ret_5d_to_ret_3d
11.0,0.03121618491879447,0.14034262940366907,1.579084912018195,0.45454545454545453,0.7377115079139694,0.04030846865750803,0.1678627652299202,1.7047362434600195,0.5454545454545454,0.7964128687362165,g_trend_rel_ret_5d_to_ret_3d
11.0,0.0431357449186246,0.19493379157380192,1.5709611333060254,0.8181818181818182,0.733916268659828,0.014630033831714502,0.23168321025563662,0.44829721039708625,0.5454545454545454,0.20943396302418082,g_liquidity_neg_vol_ratio_5
11.0,0.07456609350233574,0.34182199357533183,1.5486620518231735,0.7272727272727273,0.7234986597645682,0.03007966823092875,0.3421742103939908,0.6240811085035527,0.5454545454545454,0.291556085496606,g_volatility_sym_realized_vol_20__downside_vol_ratio_20
11.0,0.07442647634635764,0.34160003334604067,1.5467667297116148,0.7272727272727273,0.7226132096394615,0.03007966823092875,0.3421742103939908,0.6240811085035527,0.5454545454545454,0.291556085496606,g_volatility_ratio_realized_vol_20__downside_vol_ratio_20
11.0,0.04198376110168319,0.19282328043399707,1.5457424832506463,0.7272727272727273,0.7221347056683034,0.009478882462075735,0.2011490981075305,0.3345448252735528,0.6363636363636364,0.15629151139310257,trend_vol_regime
11.0,0.029448484826240285,0.13801441353772553,1.5147947051992272,0.5454545454545454,0.707676628183591,-0.041998973925216884,0.19716233161962246,-1.5122723200246926,0.5454545454545454,-0.7064982288736593,g_volatility_tanh_jump_ratio_5m
11.0,0.050212420086499905,0.23918710349950115,1.4903513391215932,0.5454545454545454,0.6962572597187388,-0.013792971734148202,0.19844217642349143,-0.49344543198992363,0.6363636363636364,-0.23052615532960788,g_trend_tanh_ma_cross_5_20
11.0,0.05030544050067596,0.2396826236747587,1.4900254092502816,0.5454545454545454,0.6961049929121793,-0.013792971734148202,0.19844217642349143,-0.49344543198992363,0.6363636363636364,-0.23052615532960788,ma_cross_5_20
11.0,0.05030544050067596,0.2396826236747587,1.4900254092502816,0.5454545454545454,0.6961049929121793,-0.013792971734148202,0.19844217642349143,-0.49344543198992363,0.6363636363636364,-0.23052615532960788,g_trend_lvl_ma_cross_5_20
11.0,0.04729643715076721,0.23114976727726116,1.452614029092234,0.5454545454545454,0.6786272718222711,0.013975226454218061,0.20874549352347382,0.47528817965542935,0.5454545454545454,0.22204351206115022,g_volatility_rel_minute_realized_vol_5m_to_realized_vol_20
11.0,0.043846287727214495,0.22141574605921624,1.4058519739652198,0.7272727272727273,0.6567811342660481,0.03463549726146175,0.21721660564205786,1.1319928208276633,0.7272727272727273,0.5288405483738426,g_volatility_lvl_intraday_range
11.0,0.043867445091638084,0.22161393701525578,1.4052724762974114,0.7272727272727273,0.6565104065204419,0.03463549726146175,0.21721660564205786,1.1319928208276633,0.7272727272727273,0.5288405483738426,g_volatility_tanh_intraday_range
11.0,0.04688858982517179,0.24024534949955864,1.3855667411697832,0.7272727272727273,0.6473043483376831,0.04118715679276601,0.25433348292963565,1.1496709099483384,0.5454545454545454,0.5370993378049841,g_volatility_ratio_intraday_range__jump_ratio_5m
11.0,0.04233935775705456,0.21723743536500606,1.3836456025273907,0.7272727272727273,0.6464068373336802,0.03514518417992711,0.20960753798226833,1.1903486807870525,0.6363636363636364,0.5561030401617203,g_volatility_diff_intraday_range__minute_realized_vol_5m
11.0,0.050613504779871504,0.260106544900503,1.3814348231547382,0.5454545454545454,0.6453740129603663,0.042963003383171446,0.22814209901205468,1.3369170714414664,0.8181818181818182,0.6245763614247288,g_trend_diff_ret_20d__ma_gap_5
11.0,0.024372023070754267,0.13117569495005324,1.3190263609461585,0.5454545454545454,0.6162182402643679,-0.01489524022835707,0.26505357315796507,-0.39895978098077833,0.5454545454545454,-0.18638467088397187,g_reversal_rel_morning_momentum_30m_to_ret_3d
11.0,0.039196474257549574,0.211958876460099,1.312836562242449,0.7272727272727273,0.6133265111998673,0.01986303612354032,0.2131598003685248,0.6615392183983636,0.6363636363636364,0.30905563762568733,momentum_quality_20
11.0,0.031508925551219695,0.1714137351124113,1.304978161652098,0.45454545454545453,0.6096552503923083,0.024780639528538696,0.2344930220885653,0.7502359220140696,0.5454545454545454,0.350492661355914,g_trend_rel_ma_gap_5_to_ret_3d
11.0,0.0431670372978167,0.2503075862887618,1.224315924772527,0.6363636363636364,0.5719717414516212,0.006570073219390586,0.2333544747022016,0.1998800017680782,0.5454545454545454,0.09337925806517797,g_volatility_tanh_minute_realized_vol_5m
11.0,0.04316671724866887,0.25030686044257777,1.2243103977226206,0.6363636363636364,0.5719691593432812,0.006570073219390586,0.2333544747022016,0.1998800017680782,0.5454545454545454,0.09337925806517797,g_volatility_lvl_minute_realized_vol_5m
11.0,0.022657630286410883,0.1333742835589942,1.2060287326177728,0.6363636363636364,0.5634283933407496,0.02087553652820777,0.1868861492560227,0.7930047685665449,0.45454545454545453,0.3704732653385352,g_volatility_sym_intraday_range__minute_realized_vol_5m
11.0,0.037025009694253326,0.22110998151182315,1.1887816723074174,0.5454545454545454,0.5553709704803323,-0.0491018225472007,0.2324551501640055,-1.4995940480383638,0.5454545454545454,-0.7005752369727208,g_trend_diff_ret_5d__ma_gap_5
11.0,0.03003737967162431,0.1822694300509717,1.16993969573212,0.6363636363636364,0.546568440074493,-0.016470042562479532,0.21161323363288476,-0.55254438009136,0.6363636363636364,-0.258135800503355,g_liquidity_tanh_crowding_proxy_raw
11.0,0.057296797503982394,0.36094379207902194,1.1269536125739525,0.7272727272727273,0.5264863482347341,0.016592818945760136,0.37225554649623516,0.31644210532337613,0.45454545454545453,0.14783434437811227,g_volatility_lvl_realized_vol_20
11.0,0.057296797503982394,0.36094379207902194,1.1269536125739525,0.7272727272727273,0.5264863482347341,0.016592818945760136,0.37225554649623516,0.31644210532337613,0.45454545454545453,0.14783434437811227,g_volatility_lvl_barra_volatility_proxy
11.0,0.0572839105901654,0.360962422183503,1.1266419921143318,0.7272727272727273,0.5263407664503639,0.016592818945760136,0.37225554649623516,0.31644210532337613,0.45454545454545453,0.14783434437811227,g_volatility_tanh_barra_volatility_proxy
11.0,0.0572839105901654,0.360962422183503,1.1266419921143318,0.7272727272727273,0.5263407664503639,0.016592818945760136,0.37225554649623516,0.31644210532337613,0.45454545454545453,0.14783434437811227,g_volatility_tanh_realized_vol_20
11.0,0.02319778634054386,0.14635774294798465,1.1252424533280554,0.6363636363636364,0.5256869346896079,-0.09237449207859173,0.19372272108908337,-3.3852190098586106,0.36363636363636365,-1.5814950807110588,g_reversal_rel_last30_momentum_to_ret_3d
11.0,0.037163499696853314,0.24018404820424205,1.0984687661130004,0.6363636363636364,0.5131788947371575,-0.03482647604496344,0.2422604144741611,-1.0205689342689699,0.5454545454545454,-0.47678591676711524,g_reversal_diff_ret_5d__overnight_gap
11.0,0.03361487684893019,0.2201180200158049,1.0841545457644592,0.6363636363636364,0.5064916260554253,0.10677834770271745,0.2178275286097181,3.4800517353267817,0.36363636363636365,1.6257987102196851,g_trend_neg_ret_10d
11.0,0.04166076615068062,0.2786637811172224,1.061358237734397,0.5454545454545454,0.4958417245563129,0.05202280912364947,0.2660539359045394,1.388159532104355,0.6363636363636364,0.6485156395706567,rev_3
11.0,0.04166076615068062,0.2786637811172224,1.061358237734397,0.5454545454545454,0.4958417245563129,0.05202280912364947,0.2660539359045394,1.388159532104355,0.6363636363636364,0.6485156395706567,g_trend_neg_ret_3d
11.0,0.04166076615068062,0.2786637811172224,1.061358237734397,0.5454545454545454,0.4958417245563129,0.05202280912364947,0.2660539359045394,1.388159532104355,0.6363636363636364,0.6485156395706567,g_reversal_neg_ret_3d
11.0,0.05166717814905206,0.3642938923783496,1.006880942532912,0.7272727272727273,0.4703912074344705,0.017645967477900246,0.36590662541402974,0.3423658743465962,0.45454545454545453,0.15994532244609394,g_volatility_diff_realized_vol_20__minute_realized_vol_5m
11.0,0.020573879913103863,0.1453879629213242,1.0046227698756547,0.6363636363636364,0.469336242027964,0.0249776274146022,0.14239723181031602,1.2452739539838518,0.5454545454545454,0.5817628421167723,g_liquidity_rel_ret_vol_corr_20_to_vol_ratio_5
11.0,0.018292737981534243,0.133682375022007,0.9714486056874228,0.36363636363636365,0.453838049055043,0.026554326886566313,0.19948912718791428,0.9449989700909435,0.5454545454545454,0.4414813984334399,g_reversal_rel_vwap30_vs_day_to_ret_3d
11.0,0.034587524172121395,0.2572786334334564,0.9544013030763291,0.7272727272727273,0.44587394831582267,0.017973404596044254,0.2383768742404479,0.5352805933189873,0.7272727272727273,0.2500705634314137,g_trend_tanh_ret_20d
11.0,0.0329249006198128,0.26033833484778474,0.8978455164414877,0.5454545454545454,0.4194524086493296,0.05578849721706866,0.27859652840893895,1.421622311234023,0.5454545454545454,0.6641486666883619,crowding_unwind_daily
11.0,0.0312513829466684,0.25677591519427895,0.8640327876770041,0.7272727272727273,0.40365589325380674,0.017973404596044254,0.2383768742404479,0.5352805933189873,0.7272727272727273,0.2500705634314137,g_trend_lvl_ret_20d
11.0,0.0312513829466684,0.25677591519427895,0.8640327876770041,0.7272727272727273,0.40365589325380674,0.017973404596044254,0.2383768742404479,0.5352805933189873,0.7272727272727273,0.2500705634314137,mom_20
11.0,0.018173063959109746,0.15123745800357766,0.8530687915920045,0.6363636363636364,0.39853377092645803,0.023362630105416362,0.18470570470836972,0.8979593815897456,0.7272727272727273,0.4195056037812575,g_reversal_rel_ret_5d_to_ret_1d
11.0,0.018173063959109746,0.15123745800357766,0.8530687915920045,0.6363636363636364,0.39853377092645803,0.023362630105416362,0.18470570470836972,0.8979593815897456,0.7272727272727273,0.4195056037812575,g_trend_rel_ret_5d_to_ret_1d
11.0,0.03551527016736921,0.31004583476059133,0.8132133314704356,0.5454545454545454,0.37991423288824716,0.01163319873403904,0.31865543883075914,0.2591749838474814,0.45454545454545453,0.12108048572469746,g_volatility_sym_atr_norm_14__downside_vol_ratio_20
11.0,0.019290095137117592,0.1692755550882313,0.8090127966459378,0.6363636363636364,0.377951841343726,-0.014175987908255982,0.2548049219998143,-0.39496698012556736,0.36363636363636365,-0.1845193277872962,g_reversal_rel_overnight_gap_to_ret_3d
11.0,0.03495515642033293,0.30741907561598764,0.8072270484805075,0.5454545454545454,0.3771175816013601,0.01163319873403904,0.31865543883075914,0.2591749838474814,0.45454545454545453,0.12108048572469746,g_volatility_ratio_atr_norm_14__downside_vol_ratio_20
11.0,0.02045719061929713,0.1925334312989164,0.7543191082733487,0.45454545454545453,0.3524002303976424,-0.05089872312561388,0.23801760204358835,-1.5181443941135986,0.36363636363636365,-0.7092415244353736,g_trend_ratio_ret_3d__ret_10d
11.0,0.021955973249233877,0.20976400431717276,0.7430824361743052,0.5454545454545454,0.3471507202192914,-0.01712970716705164,0.20555042378057944,-0.5916254263893309,0.6363636363636364,-0.27639355053054265,g_reversal_ratio_ret_5d__overnight_gap
11.0,0.021427556311295472,0.20662659346663503,0.7362099751111858,0.6363636363636364,0.34394006728013166,-0.056581266626154196,0.23769674977320707,-1.689914336187821,0.7272727272727273,-0.7894884206076105,volume_price_confirmation_20
11.0,0.014438569976626424,0.14207613927334103,0.7214700430837232,0.5454545454545454,0.3370539160670021,0.02087553652820777,0.1868861492560227,0.7930047685665449,0.45454545454545453,0.3704732653385352,g_volatility_ratio_intraday_range__minute_realized_vol_5m
11.0,0.01683475924311163,0.16639438151409208,0.7182630416142068,0.6363636363636364,0.33555568004944963,0.05839299356106078,0.23041650693148066,1.799129480514104,0.7272727272727273,0.8405111795452601,g_trend_rel_ret_20d_to_ret_3d
11.0,0.012131072038519562,0.13131076467228817,0.655864492573989,0.36363636363636365,0.3064045385536638,-0.06391301975335589,0.15798320090470544,-2.872061246064397,0.09090909090909091,-1.3417597853857697,g_liquidity_diff_vol_ratio_5__turn_ratio_5
11.0,0.02182752776955512,0.23787785490674473,0.6514270736288656,0.36363636363636365,0.3043314802929341,0.07916348357524826,0.23830264717703123,2.358366507232348,0.5454545454545454,1.1017736278922345,g_trend_neg_breakout_20
11.0,0.011117760586024731,0.12474088329690962,0.6327377863416379,0.6363636363636364,0.2956002827483531,0.0221106624467969,0.12696930269018386,1.2362841126562916,0.7272727272727273,0.577562998681383,g_trend_ratio_ret_10d__ret_20d
11.0,0.016588022291548873,0.19540584733144756,0.6026599387530891,0.6363636363636364,0.28154861641269296,-0.003834442868056312,0.2171942460365042,-0.12533409339405302,0.5454545454545454,-0.058553154632188506,g_volatility_rel_intraday_range_to_realized_vol_20
11.0,0.025979111059639494,0.31434256842816694,0.586727382771086,0.5454545454545454,0.2741052992047633,0.03733165993670195,0.3166236708651013,0.8370457383086912,0.6363636363636364,0.39104817549770327,g_volatility_sym_realized_vol_20__jump_ratio_5m
11.0,0.025836611286280644,0.314224943330685,0.5837275121741433,0.5454545454545454,0.27270382988238917,0.03733165993670195,0.3166236708651013,0.8370457383086912,0.6363636363636364,0.39104817549770327,g_volatility_ratio_realized_vol_20__jump_ratio_5m
11.0,0.011047184417306587,0.1703209396828654,0.4604673354650981,0.5454545454545454,0.215119560579508,-0.041998973925216884,0.19716233161962246,-1.5122723200246926,0.5454545454545454,-0.7064982288736593,g_volatility_lvl_jump_ratio_5m
11.0,0.010964933619108795,0.17038044815612555,0.45687933897859034,0.5454545454545454,0.213443332608291,-0.04294680760414301,0.19717659786004157,-1.5462894256602573,0.5454545454545454,-0.7223902243593284,g_volatility_diff_jump_ratio_5m__minute_realized_vol_5m
11.0,0.012567746291502707,0.20539277031251707,0.4343977033338832,0.5454545454545454,0.20294043868181275,0.055817963549055986,0.2080054872878184,1.9050854666892278,0.5454545454545454,0.8900113360845694,g_volatility_diff_realized_vol_20__intraday_range
11.0,0.013938099895019653,0.24295771903844368,0.40727536295663536,0.7272727272727273,0.19026951613320633,-0.03244024882680346,0.23021851479099134,-1.0003666321132028,0.5454545454545454,-0.467347874092376,g_trend_tanh_ma_gap_20
11.0,0.013049095609116256,0.22746519849956248,0.40726840622685484,0.5454545454545454,0.19026626611189498,-0.046173820110030996,0.23535722068305526,-1.3927832910431703,0.6363636363636364,-0.650675751514621,g_trend_tanh_ret_5d
11.0,0.013049095609116256,0.22746519849956248,0.40726840622685484,0.5454545454545454,0.19026626611189498,-0.046173820110030996,0.23535722068305526,-1.3927832910431703,0.6363636363636364,-0.650675751514621,g_reversal_tanh_ret_5d
11.0,0.01262206362999153,0.2282144476942448,0.3926471941641563,0.5454545454545454,0.18343557808732408,-0.046173820110030996,0.23535722068305526,-1.3927832910431703,0.6363636363636364,-0.650675751514621,g_reversal_lvl_ret_5d
11.0,0.01262206362999153,0.2282144476942448,0.3926471941641563,0.5454545454545454,0.18343557808732408,-0.046173820110030996,0.23535722068305526,-1.3927832910431703,0.6363636363636364,-0.650675751514621,g_trend_lvl_ret_5d
11.0,0.01262206362999153,0.2282144476942448,0.3926471941641563,0.5454545454545454,0.18343557808732408,-0.046173820110030996,0.23535722068305526,-1.3927832910431703,0.6363636363636364,-0.650675751514621,mom_5
11.0,0.013215658199713522,0.24358354587113115,0.38517324977464873,0.7272727272727273,0.17994392621750668,-0.03244024882680346,0.23021851479099134,-1.0003666321132028,0.5454545454545454,-0.467347874092376,g_trend_lvl_ma_gap_20
11.0,0.013215658199713522,0.24358354587113115,0.38517324977464873,0.7272727272727273,0.17994392621750668,-0.03244024882680346,0.23021851479099134,-1.0003666321132028,0.5454545454545454,-0.467347874092376,ma_gap_20
11.0,0.007654621918033514,0.14200405167398442,0.3826822131569845,0.5454545454545454,0.17878017221954254,0.025076394194041254,0.14385425165695678,1.2375354667570968,0.6363636363636364,0.5781476020257715,g_liquidity_rel_ret_vol_corr_20_to_vol_ratio_20
11.0,0.00951079975119891,0.18744262464265418,0.36021678785033046,0.5454545454545454,0.16828485138355356,0.016470042562479532,0.21161323363288476,0.55254438009136,0.36363636363636365,0.258135800503355,g_liquidity_neg_crowding_proxy_raw
11.0,0.007321697079254372,0.14676597946198006,0.35416172789370964,0.36363636363636365,0.16545606910774852,-0.05932554840117865,0.1656841053836771,-2.5420037247731417,0.18181818181818182,-1.1875646373750632,g_liquidity_sym_vol_ratio_5__turn_ratio_5
11.0,0.007315599091587729,0.14677271055400354,0.35385053030887315,0.36363636363636365,0.16531068488057896,-0.05932554840117865,0.1656841053836771,-2.5420037247731417,0.18181818181818182,-1.1875646373750632,g_liquidity_ratio_vol_ratio_5__turn_ratio_5
11.0,0.015572620126882146,0.32304052409240536,0.3422314770992049,0.6363636363636364,0.15988253519806317,0.009299356106078792,0.3265662976701458,0.20216072404600555,0.45454545454545453,0.09444475812662328,g_volatility_tanh_atr_norm_14
11.0,0.015544524592277642,0.3230022801207373,0.34165448359272216,0.6363636363636364,0.15961297733801122,0.009299356106078792,0.3265662976701458,0.20216072404600555,0.45454545454545453,0.09444475812662328,g_volatility_lvl_atr_norm_14
11.0,0.006798167548569546,0.14412267473701332,0.33486890250632295,0.5454545454545454,0.15644291269030186,0.017816217396049328,0.22646924903917504,0.5584978834623634,0.6363636363636364,0.2609171379195808,g_trend_ratio_ret_10d__ma_gap_5
11.0,0.009589603803152718,0.215557182584372,0.31583003919933483,0.5454545454545454,0.14754840141211148,0.05322841460612077,0.20674961626295044,1.827738613863514,0.6363636363636364,0.8538766969678355,g_volatility_neg_minute_ret_kurt_5m
11.0,0.010724869042127251,0.24459448262372457,0.3112867317491929,0.6363636363636364,0.14542587452045921,0.0858689067171646,0.24680228081503253,2.4700288895969167,0.5454545454545454,1.1539396791567933,g_trend_diff_ret_1d__ret_10d
11.0,0.01264334903586028,0.31837562419048626,0.2819275947217828,0.5454545454545454,0.13170997293549494,0.04880606788169815,0.3697149293119998,0.9371780318143521,0.5454545454545454,0.4378276391419574,g_trend_diff_ret_1d__ma_gap_5
11.0,0.012776784649617177,0.32634759506179195,0.27794343884521827,0.5454545454545454,0.12984866857048252,0.038339517625231925,0.34501133979795945,0.7889119653258453,0.5454545454545454,0.3685612034681999,g_trend_diff_ret_1d__ret_3d
11.0,0.012776784649617177,0.32634759506179195,0.27794343884521827,0.5454545454545454,0.12984866857048252,0.038339517625231925,0.34501133979795945,0.7889119653258453,0.5454545454545454,0.3685612034681999,g_reversal_diff_ret_1d__ret_3d
11.0,0.007494952183826256,0.19158812921696913,0.27772535973657103,0.6363636363636364,0.1297467871156853,-0.019777488924507633,0.18719254815862285,-0.7500632062828178,0.6363636363636364,-0.3504119726091769,g_trend_ratio_ret_5d__ret_20d
11.0,0.007168561934815367,0.18909701319623812,0.2691303280974447,0.36363636363636365,0.12573138952508692,-0.029101276874386107,0.21805981954262027,-0.947439887678839,0.45454545454545453,-0.4426217379938747,g_trend_ratio_ret_3d__ma_gap_5
11.0,0.008139708670144855,0.24155337794610962,0.23922745181981941,0.6363636363636364,0.11176146569018827,0.0152695623704027,0.2652650320780737,0.40865974016385276,0.7272727272727273,0.19091626475912593,g_reversal_rel_ret_3d_to_ret_1d
11.0,0.008139708670144855,0.24155337794610962,0.23922745181981941,0.6363636363636364,0.11176146569018827,0.0152695623704027,0.2652650320780737,0.40865974016385276,0.7272727272727273,0.19091626475912593,g_trend_rel_ret_3d_to_ret_1d
11.0,0.00747262669380851,0.22679694804528547,0.23391137891889305,0.45454545454545453,0.10927792086870637,0.055499021693706234,0.190708861965771,2.065997165561441,0.5454545454545454,0.9651855152009431,g_trend_diff_ret_3d__ret_10d
11.0,0.005227588372767864,0.18372207991717865,0.20200182732814892,0.5454545454545454,0.09437052529947103,-0.01615518934846666,0.1904623862659937,-0.6021685917331665,0.6363636363636364,-0.28131907058636196,vol_ratio_20
11.0,0.005227588372767864,0.18372207991717865,0.20200182732814892,0.5454545454545454,0.09437052529947103,-0.01615518934846666,0.1904623862659937,-0.6021685917331665,0.6363636363636364,-0.28131907058636196,g_liquidity_lvl_vol_ratio_20
11.0,0.00522758837074427,0.1837220799210839,0.20200182724566043,0.5454545454545454,0.09437052526093433,-0.01615518934846666,0.1904623862659937,-0.6021685917331665,0.6363636363636364,-0.28131907058636196,g_liquidity_diff_vol_ratio_20__amihud_20
11.0,0.005166840782898482,0.2007083973117526,0.1827573297835929,0.45454545454545453,0.08537994651894402,-0.05358452471897852,0.2458605123225848,-1.5472691586732523,0.36363636363636365,-0.7228479326895574,g_reversal_ratio_ret_3d__overnight_gap
11.0,0.005360553164140204,0.22556728503909276,0.16871308369972704,0.36363636363636365,0.07881880349415134,0.05667739823202009,0.2175068504381676,1.8499169612193562,0.45454545454545453,0.8642379017050824,g_liquidity_sym_vol_ratio_20__amount_ratio_20
11.0,0.005444552909539318,0.24937059373284176,0.15500019748430996,0.7272727272727273,0.07241246404347623,0.021595001637018454,0.2903807830277619,0.5279595347956082,0.6363636363636364,0.2466503362595223,g_trend_rel_ma_gap_5_to_ret_1d
11.0,0.005186597224489084,0.2938948696681923,0.12528693549849207,0.5454545454545454,0.05853112356724731,-0.028107061006220665,0.28511343560019065,-0.6998629792294717,0.45454545454545453,-0.3269596016091804,g_reversal_diff_ret_3d__overnight_gap
11.0,0.0037438934202925346,0.2243119482986905,0.11849126544634435,0.36363636363636365,0.05535634559090127,0.05667739823202009,0.2175068504381676,1.8499169612193562,0.45454545454545453,0.8642379017050824,g_liquidity_ratio_vol_ratio_20__amount_ratio_20
11.0,0.003967120675713683,0.2609474589144062,0.1079288644128376,0.45454545454545453,0.05042183907113372,-0.0067936265415256825,0.29895961540333227,-0.16132601688837095,0.5454545454545454,-0.0753677387952291,g_volatility_rel_jump_ratio_5m_to_atr_norm_14
11.0,0.0035334189893718223,0.2347368139929355,0.10686345252452151,0.6363636363636364,0.049924103575912884,0.027217597331893294,0.23649814688210413,0.8170286969734113,0.5454545454545454,0.38169668234173837,g_volatility_sym_intraday_range__jump_ratio_5m
11.0,0.002066285990149605,0.2798788018921756,0.052412598695354626,0.45454545454545453,0.024485939244281937,0.0035534213685474107,0.24503615783815147,0.10295129259992529,0.6363636363636364,0.0480964340343897,g_reversal_neg_vwap30_vs_day
11.0,0.0009274970474979632,0.17331636327257774,0.0379916570690389,0.6363636363636364,0.017748812879688994,-0.02936374549819928,0.163303464134216,-1.2765308710551546,0.45454545454545453,-0.5963653421152948,g_liquidity_diff_vol_ratio_20__ret_vol_corr_20
11.0,0.0015770529298703038,0.3184051331288296,0.03516264023862478,0.5454545454545454,0.016427162437717864,0.006016042780748656,0.32511061209567843,0.13136964864982686,0.45454545454545453,0.06137282476832091,g_volatility_diff_atr_norm_14__minute_realized_vol_5m
11.0,0.0006368057066461132,0.18826554486377223,0.024013273610384293,0.5454545454545454,0.011218439331692639,-0.031282331114263894,0.18530442251800353,-1.1984739327331104,0.5454545454545454,-0.5598989676762492,g_liquidity_lvl_amount_ratio_20
11.0,0.0006368057066461132,0.18826554486377223,0.024013273610384293,0.5454545454545454,0.011218439331692639,-0.031282331114263894,0.18530442251800353,-1.1984739327331104,0.5454545454545454,-0.5598989676762492,amount_ratio_20
11.0,0.000636805704527909,0.1882655448673218,0.024013273530056296,0.5454545454545454,0.011218439294165277,-0.031282331114263894,0.18530442251800353,-1.1984739327331104,0.5454545454545454,-0.5598989676762492,g_liquidity_diff_amount_ratio_20__amihud_20
11.0,0.0007082764473563118,0.23643983541225394,0.02126656853948967,0.5454545454545454,0.009935243017027787,-0.051720506384371936,0.2271580231323991,-1.616404147066813,0.5454545454545454,-0.7551461809656709,g_trend_tanh_ma_gap_10
11.0,0.000448721924874881,0.2369025289676048,0.013446921244216054,0.5454545454545454,0.0062820868417978485,-0.051720506384371936,0.2271580231323991,-1.616404147066813,0.5454545454545454,-0.7551461809656709,g_trend_lvl_ma_gap_10
11.0,0.000448721924874881,0.2369025289676048,0.013446921244216054,0.5454545454545454,0.0062820868417978485,-0.051720506384371936,0.2271580231323991,-1.616404147066813,0.5454545454545454,-0.7551461809656709,ma_gap_10
11.0,0.0,0.0,0.0,0.0,0.0,0.0,0.0,0.0,0.0,0.0,g_volatility_rel_barra_volatility_proxy_to_realized_vol_20
11.0,0.0,0.0,0.0,0.0,0.0,0.0,0.0,0.0,0.0,0.0,g_trend_rel_open_to_close_intraday_to_ret_3d
11.0,0.0,0.0,0.0,0.0,0.0,0.0,0.0,0.0,0.0,0.0,g_trend_rel_open_to_close_intraday_to_ret_1d
11.0,0.0,0.0,0.0,0.0,0.0,0.0,0.0,0.0,0.0,0.0,g_trend_rel_close_to_vwap_day_to_ret_3d
11.0,0.0,0.0,0.0,0.0,0.0,0.0,0.0,0.0,0.0,0.0,g_trend_rel_close_to_vwap_day_to_ret_1d
11.0,-0.00013509802580056134,0.20154059499343835,-0.0047588469163826344,0.45454545454545453,-0.00222322188496468,0.06687002073556696,0.2289477806052717,2.0735298331694625,0.5454545454545454,0.9687046011838661,g_liquidity_diff_vol_ratio_20__amount_ratio_20
11.0,-0.00044872192487486714,0.23690252896760486,-0.013446921244215634,0.45454545454545453,-0.0062820868417976525,0.051720506384371936,0.2271580231323991,1.616404147066813,0.45454545454545453,0.7551461809656709,g_trend_neg_ma_gap_10
11.0,-0.0006368057066460758,0.18826554486377223,-0.024013273610382885,0.45454545454545453,-0.01121843933169198,0.031282331114263894,0.18530442251800353,1.1984739327331104,0.45454545454545453,0.5598989676762492,g_liquidity_neg_amount_ratio_20
11.0,-0.0020662859901495897,0.2798788018921756,-0.05241259869535424,0.5454545454545454,-0.024485939244281756,-0.0035534213685474107,0.24503615783815147,-0.10295129259992529,0.36363636363636365,-0.0480964340343897,g_reversal_lvl_vwap30_vs_day
11.0,-0.002067143991771704,0.2798739238770126,-0.052435276323279684,0.5454545454545454,-0.02449653370121404,-0.0035534213685474107,0.24503615783815147,-0.10295129259992529,0.36363636363636365,-0.0480964340343897,g_reversal_tanh_vwap30_vs_day
11.0,-0.0019312341118337066,0.18632164502153095,-0.07358459131765252,0.45454545454545453,-0.0343769986066165,-0.04422950998581252,0.2944085475716481,-1.066539590654195,0.36363636363636365,-0.49826233135611653,g_reversal_rel_ret_1d_to_ret_3d
11.0,-0.0019312341118337066,0.18632164502153095,-0.07358459131765252,0.45454545454545453,-0.0343769986066165,-0.04422950998581252,0.2944085475716481,-1.066539590654195,0.36363636363636365,-0.49826233135611653,g_trend_rel_ret_1d_to_ret_3d
11.0,-0.0022103385129389184,0.13730427416964747,-0.11428520257757666,0.5454545454545454,-0.05339137147349685,-0.08304439752517677,0.22569927587043778,-2.6121339347871775,0.45454545454545453,-1.2203278298962654,g_reversal_rel_body_ratio_to_ret_3d
11.0,-0.0031789991559766817,0.14572859703207566,-0.15486771727878354,0.45454545454545453,-0.07235057239253091,-0.018875914001964426,0.13778023621007357,-0.9726046314301561,0.36363636363636365,-0.4543781172219722,g_liquidity_sym_vol_ratio_20__ret_vol_corr_20
11.0,-0.004498636444289348,0.18049980754568384,-0.17693731078027464,0.45454545454545453,-0.08266096987471883,-0.04642966277420058,0.1663945075008515,-1.9809422322897907,0.45454545454545453,-0.9254498413294495,g_liquidity_diff_amount_ratio_20__ret_vol_corr_20
11.0,-0.005227588372767835,0.18372207991717862,-0.2020018273281478,0.45454545454545453,-0.0943705252994705,0.01615518934846666,0.1904623862659937,0.6021685917331665,0.36363636363636365,0.28131907058636196,g_liquidity_neg_vol_ratio_20
11.0,-0.007173652995380353,0.22679904338944967,-0.22455070086375475,0.5454545454545454,-0.10490483119468276,-0.05667739823202009,0.2175068504381676,-1.8499169612193562,0.5454545454545454,-0.8642379017050824,g_liquidity_rel_amount_ratio_20_to_vol_ratio_20
11.0,-0.009523090301441085,0.2854809644991668,-0.23681871232497703,0.45454545454545453,-0.1106361589816079,-0.02351434863492006,0.24843392832954525,-0.6719505512336054,0.45454545454545453,-0.31391956861940695,g_volatility_sym_jump_ratio_5m__minute_realized_vol_5m
11.0,-0.005696047120549782,0.1491949517633217,-0.271040826638091,0.5454545454545454,-0.1266239297226158,-0.02476317799847212,0.13613026329385386,-1.2914183798130288,0.45454545454545453,-0.603320437722419,g_liquidity_sym_amount_ratio_20__ret_vol_corr_20
11.0,-0.005277313356895081,0.13005322314635828,-0.28807596863330304,0.45454545454545453,-0.13458234930675003,0.046497326203208546,0.20652118339243106,1.5983748708021697,0.7272727272727273,0.7467233251214029,g_trend_rel_ma_gap_20_to_ret_3d
11.0,-0.009589603803152739,0.2155571825843721,-0.3158300391993354,0.45454545454545453,-0.14754840141211176,-0.05322841460612077,0.20674961626295044,-1.827738613863514,0.36363636363636365,-0.8538766969678355,g_volatility_lvl_minute_ret_kurt_5m
11.0,-0.015544524592277675,0.32300228012073734,-0.3416544835927228,0.36363636363636365,-0.15961297733801152,-0.009299356106078792,0.3265662976701458,-0.20216072404600555,0.5454545454545454,-0.09444475812662328,atr_norm_14
11.0,-0.015544524592277675,0.32300228012073734,-0.3416544835927228,0.36363636363636365,-0.15961297733801152,-0.009299356106078792,0.3265662976701458,-0.20216072404600555,0.5454545454545454,-0.09444475812662328,g_volatility_neg_atr_norm_14
11.0,-0.010198692930904753,0.20877195960017622,-0.34680680975424816,0.5454545454545454,-0.1620200235158042,-0.055100949470697366,0.20798907561320995,-1.8807619327049823,0.5454545454545454,-0.8786479503687368,breakout_strength_20
11.0,-0.007327794018774945,0.1467592507774078,-0.35447289750704836,0.6363636363636364,-0.16560144026728912,0.05932554840117865,0.1656841053836771,2.5420037247731417,0.8181818181818182,1.1875646373750632,g_liquidity_rel_turn_ratio_5_to_vol_ratio_5
11.0,-0.009510799751198912,0.18744262464265418,-0.3602167878503305,0.45454545454545453,-0.16828485138355362,-0.016470042562479532,0.21161323363288476,-0.55254438009136,0.6363636363636364,-0.258135800503355,g_liquidity_lvl_crowding_proxy_raw
11.0,-0.009659660210504233,0.18838093421353092,-0.3640325113890711,0.45454545454545453,-0.1700674681029734,-0.028724762632325655,0.23857059786529014,-0.8547808774628295,0.6363636363636364,-0.39933361736906015,g_trend_ratio_ret_3d__ret_20d
11.0,-0.01321565819971354,0.2435835458711311,-0.38517324977464934,0.2727272727272727,-0.179943926217507,0.03244024882680346,0.23021851479099134,1.0003666321132028,0.45454545454545453,0.467347874092376,g_trend_neg_ma_gap_20
11.0,-0.01262206362999151,0.2282144476942447,-0.3926471941641558,0.45454545454545453,-0.18343557808732386,0.046173820110030996,0.23535722068305526,1.3927832910431703,0.36363636363636365,0.650675751514621,g_reversal_neg_ret_5d
11.0,-0.01262206362999151,0.2282144476942447,-0.3926471941641558,0.45454545454545453,-0.18343557808732386,0.046173820110030996,0.23535722068305526,1.3927832910431703,0.36363636363636365,0.650675751514621,g_trend_neg_ret_5d
11.0,-0.00950206492887577,0.16695677171268203,-0.40404452228026705,0.45454545454545453,-0.18876014299623728,-0.022407983582703996,0.22712440553365332,-0.7004130710243054,0.7272727272727273,-0.3272165916192611,g_reversal_ratio_ret_5d__body_ratio
11.0,-0.010150221379571327,0.1703389379331037,-0.42303553298835533,0.45454545454545453,-0.1976322986603481,0.04495252646513151,0.1974663675683903,1.6161297923962183,0.45454545454545453,0.7550180088856218,g_volatility_diff_realized_vol_20__jump_ratio_5m
11.0,-0.01028779663442374,0.1719505049940721,-0.42475077825670443,0.45454545454545453,-0.19843362109951881,0.0429746323058319,0.19900493961906593,1.533075634347604,0.45454545454545453,0.7162170503644864,g_volatility_diff_intraday_range__jump_ratio_5m
11.0,-0.01277528344536255,0.20964767081720798,-0.4326092199538407,0.45454545454545453,-0.2021049011112055,-0.04411873840445268,0.22392874542867655,-1.3987126619091999,0.45454545454545453,-0.653445814789413,g_volatility_rel_minute_ret_kurt_5m_to_atr_norm_14
11.0,-0.010953919584532694,0.170288880419843,-0.45666584011813,0.45454545454545453,-0.213343590938233,0.044925242824402495,0.19816345263540866,1.6094672390268867,0.45454545454545453,0.7519054199075121,g_volatility_diff_atr_norm_14__jump_ratio_5m
11.0,-0.011047184417306578,0.17032093968286544,-0.4604673354650977,0.45454545454545453,-0.21511956057950782,0.041998973925216884,0.19716233161962246,1.5122723200246926,0.45454545454545453,0.7064982288736593,g_volatility_neg_jump_ratio_5m
11.0,-0.022082044421909554,0.3094378372697008,-0.506618599948799,0.45454545454545453,-0.2366803510444701,-0.04110171341263779,0.3012083049983637,-0.9687422759711027,0.45454545454545453,-0.45257371516093514,g_trend_diff_ret_3d__ma_gap_5
11.0,-0.019083848036067056,0.25097755104618114,-0.5398167306006448,0.45454545454545453,-0.25218974058818827,-0.02351434863492006,0.24843392832954525,-0.6719505512336054,0.45454545454545453,-0.31391956861940695,g_volatility_ratio_jump_ratio_5m__minute_realized_vol_5m
11.0,-0.01961187091396041,0.25617094750958097,-0.5435060961477741,0.36363636363636365,-0.253913325811696,-0.025764487613227107,0.2743349536611351,-0.6667386518109333,0.36363636363636365,-0.31148469120848843,g_reversal_sym_ret_1d__ret_3d
11.0,-0.01961187091396041,0.25617094750958097,-0.5435060961477741,0.36363636363636365,-0.253913325811696,-0.025764487613227107,0.2743349536611351,-0.6667386518109333,0.36363636363636365,-0.31148469120848843,g_trend_sym_ret_1d__ret_3d
11.0,-0.0193102679265833,0.23463623943306383,-0.5842631264261462,0.45454545454545453,-0.2729540563233474,-0.09213740041471134,0.21422855977883182,-3.0533307739560644,0.45454545454545453,-1.426444665687048,g_trend_diff_ret_10d__ma_gap_5
11.0,-0.01781592973774916,0.21435360554654537,-0.5900556408363326,0.45454545454545453,-0.27566018346548476,-0.013975226454218061,0.20874549352347382,-0.47528817965542935,0.45454545454545453,-0.22204351206115022,g_volatility_ratio_realized_vol_20__minute_realized_vol_5m
11.0,-0.024344999017584277,0.2903782729353729,-0.5951972441391244,0.45454545454545453,-0.2780622201746762,-0.03733165993670195,0.3166236708651013,-0.8370457383086912,0.36363636363636365,-0.39104817549770327,g_volatility_rel_jump_ratio_5m_to_realized_vol_20
11.0,-0.018718442915542675,0.213893732149592,-0.6212793647995121,0.45454545454545453,-0.2902471764208714,-0.014630033831714502,0.23168321025563662,-0.44829721039708625,0.45454545454545453,-0.20943396302418082,g_liquidity_tanh_vol_ratio_5
11.0,-0.019532748952257116,0.21329943295548812,-0.6501131273551393,0.45454545454545453,-0.30371763535050494,-0.01482211066244679,0.23126290851894882,-0.4550083182532411,0.45454545454545453,-0.21256923552197815,g_liquidity_tanh_turn_ratio_5
11.0,-0.02182752776955513,0.23787785490674468,-0.651427073628866,0.6363636363636364,-0.30433148029293433,-0.07916348357524826,0.23830264717703123,-2.358366507232348,0.45454545454545453,-1.1017736278922345,breakout_20
11.0,-0.02182752776955513,0.23787785490674468,-0.651427073628866,0.6363636363636364,-0.30433148029293433,-0.07916348357524826,0.23830264717703123,-2.358366507232348,0.45454545454545453,-1.1017736278922345,g_trend_lvl_breakout_20
11.0,-0.021878176670860085,0.23801459374762163,-0.6525635423723696,0.6363636363636364,-0.3048624118876106,-0.07916348357524826,0.23830264717703123,-2.358366507232348,0.45454545454545453,-1.1017736278922345,g_trend_tanh_breakout_20
11.0,-0.01903375585257838,0.20654742824675038,-0.6542142063063788,0.45454545454545453,-0.3056335634390879,-0.0442627960275019,0.22073664870068063,-1.4235727556606246,0.45454545454545453,-0.665059868668762,g_volatility_rel_minute_ret_kurt_5m_to_realized_vol_20
11.0,-0.01839840989616939,0.1933799364015797,-0.675435908315989,0.5454545454545454,-0.31554784586358486,-0.030315398886827452,0.23883421765473853,-0.9011187102020456,0.45454545454545453,-0.42098156815583737,g_trend_sym_ret_3d__ma_gap_5
11.0,-0.01811558194944837,0.1837186501880915,-0.7000262282821587,0.5454545454545454,-0.3270358677452866,-0.05322841460612077,0.20674961626295044,-1.827738613863514,0.36363636363636365,-0.8538766969678355,g_volatility_tanh_minute_ret_kurt_5m
11.0,-0.018393397435727196,0.17748203054287567,-0.7357374020063465,0.45454545454545453,-0.3437192921874706,0.012232359207070538,0.23208351618848302,0.37418054083146635,0.45454545454545453,0.1748083899149212,g_trend_sym_ret_5d__ret_10d
11.0,-0.014146711127781623,0.13439320202751492,-0.7472973671684767,0.45454545454545453,-0.3491198373173006,0.04770653716031867,0.19624898174756536,1.7257812652229156,0.7272727272727273,0.8062446102851533,g_trend_rel_ma_cross_5_20_to_ret_3d
11.0,-0.03065314516080825,0.2883333684531297,-0.754736588472608,0.45454545454545453,-0.35259526737442304,0.0067936265415256825,0.29895961540333227,0.16132601688837095,0.45454545454545453,0.0753677387952291,g_volatility_sym_atr_norm_14__jump_ratio_5m
11.0,-0.03083213371434137,0.28817453962769457,-0.7595620203210038,0.45454545454545453,-0.3548495961810142,0.0067936265415256825,0.29895961540333227,0.16132601688837095,0.45454545454545453,0.0753677387952291,g_volatility_ratio_atr_norm_14__jump_ratio_5m
11.0,-0.013990379940076335,0.13064806311912663,-0.7602243947166569,0.45454545454545453,-0.35515904199390363,-0.11239793768679683,0.1795985432573449,-4.442943610237251,0.36363636363636365,-2.0756392549503957,g_reversal_rel_signed_vol_imbalance_5m_to_ret_3d
11.0,-0.020521631168176065,0.18343434509036602,-0.794230375192588,0.36363636363636365,-0.37104584006540786,0.0050851783666156425,0.19830519227308763,0.18204861254521856,0.6363636363636364,0.08504885041472152,g_reversal_rel_morning_momentum_30m_to_ret_1d
11.0,-0.028964330744646147,0.25557061207454884,-0.8045774441363147,0.45454545454545453,-0.3758797484732912,0.047832890397225054,0.2764584842493882,1.2283212647189465,0.5454545454545454,0.5738429425181963,g_trend_diff_ret_1d__ret_5d
11.0,-0.028964330744646147,0.25557061207454884,-0.8045774441363147,0.45454545454545453,-0.3758797484732912,0.047832890397225054,0.2764584842493882,1.2283212647189465,0.5454545454545454,0.5738429425181963,g_reversal_diff_ret_1d__ret_5d
11.0,-0.01899840822803689,0.16570598018521943,-0.8139435791272999,0.45454545454545453,-0.3802553875000073,0.04031103350431082,0.18669462712822865,1.5328772596347224,0.45454545454545453,0.7161243743421535,g_volatility_diff_downside_vol_ratio_20__jump_ratio_5m
11.0,-0.0312513829466684,0.25677591519427895,-0.8640327876770041,0.2727272727272727,-0.40365589325380674,-0.017973404596044254,0.2383768742404479,-0.5352805933189873,0.2727272727272727,-0.2500705634314137,g_trend_neg_ret_20d
11.0,-0.038974979219389125,0.30746725401703656,-0.8999166588079499,0.36363636363636365,-0.42041999788195333,-0.01163319873403904,0.31865543883075914,-0.2591749838474814,0.5454545454545454,-0.12108048572469746,g_volatility_rel_downside_vol_ratio_20_to_atr_norm_14
11.0,-0.01832132835220041,0.13642944945738755,-0.9533757472018888,0.45454545454545453,-0.4453948326173411,0.03727907553817257,0.18911082897869594,1.3994713236577576,0.5454545454545454,0.6538002437996997,g_reversal_diff_body_ratio__close_pos
11.0,-0.024013956572172715,0.16864340351828153,-1.010903338227249,0.36363636363636365,-0.4722703765472344,0.003834442868056312,0.2171942460365042,0.12533409339405302,0.45454545454545453,0.058553154632188506,g_volatility_ratio_realized_vol_20__intraday_range
11.0,-0.041490982239624254,0.2783329368882237,-1.0582892443262482,0.45454545454545453,-0.4944079626745594,-0.05202280912364947,0.2660539359045394,-1.388159532104355,0.36363636363636365,-0.6485156395706567,g_trend_tanh_ret_3d
11.0,-0.041490982239624254,0.2783329368882237,-1.0582892443262482,0.45454545454545453,-0.4944079626745594,-0.05202280912364947,0.2660539359045394,-1.388159532104355,0.36363636363636365,-0.6485156395706567,g_reversal_tanh_ret_3d
11.0,-0.04166076615068064,0.27866378111722245,-1.0613582377343975,0.45454545454545453,-0.4958417245563131,-0.05202280912364947,0.2660539359045394,-1.388159532104355,0.36363636363636365,-0.6485156395706567,g_reversal_lvl_ret_3d
11.0,-0.04166076615068064,0.27866378111722245,-1.0613582377343975,0.45454545454545453,-0.4958417245563131,-0.05202280912364947,0.2660539359045394,-1.388159532104355,0.36363636363636365,-0.6485156395706567,g_trend_lvl_ret_3d
11.0,-0.033044588407486385,0.2190522179358036,-1.0709469546243295,0.36363636363636365,-0.5003213486360537,-0.10677834770271745,0.2178275286097181,-3.4800517353267817,0.6363636363636364,-1.6257987102196851,g_trend_tanh_ret_10d
11.0,-0.015683524908626914,0.10299584287347703,-1.0810337433169601,0.45454545454545453,-0.5050336602032257,0.04158781313531252,0.2198134130688199,1.3431581835424231,0.7272727272727273,0.6274920629072872,g_trend_rel_ret_10d_to_ret_3d
11.0,-0.03361487684893022,0.22011802001580488,-1.0841545457644601,0.36363636363636365,-0.5064916260554257,-0.10677834770271745,0.2178275286097181,-3.4800517353267817,0.6363636363636364,-1.6257987102196851,mom_10
11.0,-0.03361487684893022,0.22011802001580488,-1.0841545457644601,0.36363636363636365,-0.5064916260554257,-0.10677834770271745,0.2178275286097181,-3.4800517353267817,0.6363636363636364,-1.6257987102196851,g_trend_lvl_ret_10d
11.0,-0.03138983815666378,0.20286949754165176,-1.098468458770328,0.45454545454545453,-0.5131787511538553,-0.006476590636254513,0.24817913549001805,-0.18526630863261445,0.6363636363636364,-0.08655208270740924,g_reversal_sym_ret_3d__overnight_gap
11.0,-0.029053801999184222,0.1857474953861437,-1.1104404521130904,0.36363636363636365,-0.5187717862049833,0.003834442868056312,0.2171942460365042,0.12533409339405302,0.45454545454545453,0.058553154632188506,g_volatility_sym_realized_vol_20__intraday_range
11.0,-0.023321946107056294,0.14735803589848323,-1.1235857727762892,0.36363636363636365,-0.5249129723151507,-0.02347157044636036,0.13258015768331619,-1.2568367920665249,0.45454545454545453,-0.587164729407831,g_liquidity_sym_vol_ratio_5__ret_vol_corr_20
11.0,-0.05729679750398237,0.36094379207902194,-1.126953612573952,0.2727272727272727,-0.526486348234734,-0.016592818945760136,0.37225554649623516,-0.31644210532337613,0.5454545454545454,-0.14783434437811227,g_volatility_neg_barra_volatility_proxy
11.0,-0.05729679750398237,0.36094379207902194,-1.126953612573952,0.2727272727272727,-0.526486348234734,-0.016592818945760136,0.37225554649623516,-0.31644210532337613,0.5454545454545454,-0.14783434437811227,g_volatility_neg_realized_vol_20
11.0,-0.05729679750398237,0.36094379207902194,-1.126953612573952,0.2727272727272727,-0.526486348234734,-0.016592818945760136,0.37225554649623516,-0.31644210532337613,0.5454545454545454,-0.14783434437811227,realized_vol_20
11.0,-0.0324371039095043,0.2041037168173509,-1.1282528176576925,0.36363636363636365,-0.5270933064382611,-0.003300229182582128,0.20902749436811754,-0.11208718282171119,0.36363636363636365,-0.05236450809447071,g_volatility_diff_atr_norm_14__intraday_range
11.0,-0.023627555354586795,0.1468328751682316,-1.1423804299726554,0.36363636363636365,-0.5336933962147982,-0.024091454763723662,0.1318011082177249,-1.2976549626974123,0.45454545454545453,-0.6062340232610135,g_liquidity_sym_turn_ratio_5__ret_vol_corr_20
11.0,-0.027570462274116123,0.16579997832018528,-1.1805240709184197,0.45454545454545453,-0.5515132124040778,-0.08901611180765302,0.24070809965265655,-2.625386118017549,0.36363636363636365,-1.2265189396963931,g_reversal_ratio_ret_1d__ret_3d
11.0,-0.027570462274116123,0.16579997832018528,-1.1805240709184197,0.45454545454545453,-0.5515132124040778,-0.08901611180765302,0.24070809965265655,-2.625386118017549,0.36363636363636365,-1.2265189396963931,g_trend_ratio_ret_1d__ret_3d
11.0,-0.03539076364572015,0.21281973257671627,-1.1805742565948998,0.45454545454545453,-0.5515366579773906,-0.018358070500927647,0.24317115730871905,-0.535957360811695,0.45454545454545453,-0.25038673336233563,g_reversal_sym_ret_3d__close_pos
11.0,-0.04316671724866878,0.2503068604425777,-1.2243103977226182,0.36363636363636365,-0.5719691593432801,-0.006570073219390586,0.2333544747022016,-0.1998800017680782,0.45454545454545453,-0.09337925806517797,g_volatility_neg_minute_realized_vol_5m
11.0,-0.047612959614352975,0.2722743321054706,-1.2414628978492057,0.2727272727272727,-0.5799824058992915,-0.0363739844636477,0.25387304653062454,-1.0171606496566337,0.2727272727272727,-0.47519364597684277,g_trend_diff_ret_1d__ret_20d
11.0,-0.04975020237151461,0.2690221121513813,-1.3128712614802998,0.36363636363636365,-0.6133427218715567,-0.023387536832914987,0.291881580754479,-0.5688438447238309,0.36363636363636365,-0.2657505288442411,g_trend_sym_ret_1d__ma_gap_5
11.0,-0.033814425830013525,0.17908736867578937,-1.3404552817494753,0.2727272727272727,-0.6262293304587384,-0.0379286259958529,0.1746215922044346,-1.542000216276439,0.36363636363636365,-0.7203864061363733,g_liquidity_diff_vol_ratio_5__ret_vol_corr_20
11.0,-0.03410474973215902,0.17883027214937672,-1.3539078231423554,0.2727272727272727,-0.6325140429024366,-0.038897740914547646,0.17286796460414353,-1.5974421113346267,0.36363636363636365,-0.7462875617320595,g_liquidity_diff_turn_ratio_5__ret_vol_corr_20
11.0,-0.0627983840526896,0.3256477672835537,-1.369038406390592,0.36363636363636365,-0.6395826972216072,-0.03007966823092875,0.3421742103939908,-0.6240811085035527,0.45454545454545453,-0.291556085496606,g_volatility_rel_downside_vol_ratio_20_to_realized_vol_20
11.0,-0.04534358250017969,0.23067687933266529,-1.3954909698726925,0.45454545454545453,-0.6519407156828371,-0.013975226454218061,0.20874549352347382,-0.47528817965542935,0.45454545454545453,-0.22204351206115022,g_volatility_sym_realized_vol_20__minute_realized_vol_5m
11.0,-0.04780224024244668,0.24275426704641648,-1.397966118706218,0.5454545454545454,-0.6530970472799504,-0.05963286044645217,0.21704124155171534,-1.9505569959334847,0.45454545454545453,-0.9112545701568031,g_reversal_ratio_body_ratio__close_pos
11.0,-0.043846287727214446,0.2214157460592162,-1.4058519739652184,0.2727272727272727,-0.6567811342660475,-0.03463549726146175,0.21721660564205786,-1.1319928208276633,0.2727272727272727,-0.5288405483738426,g_volatility_neg_intraday_range
11.0,-0.043846287727214446,0.2214157460592162,-1.4058519739652184,0.2727272727272727,-0.6567811342660475,-0.03463549726146175,0.21721660564205786,-1.1319928208276633,0.2727272727272727,-0.5288405483738426,intraday_range
11.0,-0.035259285444171284,0.17405601888474573,-1.4381352425687248,0.36363636363636365,-0.6718631216757341,0.0245219906144276,0.1672708217481035,1.0407604965354464,0.36363636363636365,0.4862189420169757,g_liquidity_rel_crowding_proxy_raw_to_vol_ratio_20
11.0,-0.04324469448281548,0.21134055254100415,-1.452664297580843,0.5454545454545454,-0.678650756083472,-0.045517843501036784,0.24050233602886903,-1.34362367444673,0.45454545454545453,-0.6277095293616385,g_reversal_diff_ret_1d__overnight_gap
11.0,-0.05030544050067598,0.2396826236747588,-1.4900254092502818,0.45454545454545453,-0.6961049929121793,0.013792971734148202,0.19844217642349143,0.49344543198992363,0.36363636363636365,0.23052615532960788,g_trend_neg_ma_cross_5_20
11.0,-0.05001282398606275,0.23489705329589364,-1.5115380260149285,0.36363636363636365,-0.7061551839005408,-0.03131561715595328,0.24268518218596988,-0.9160791172309157,0.36363636363636365,-0.42797072012877924,g_volatility_sym_downside_vol_ratio_20__minute_realized_vol_5m
11.0,-0.05330540070265153,0.24392327244457476,-1.5514337780064245,0.45454545454545453,-0.7247935453572355,0.04497988344359321,0.20385216394408506,1.5664562432203124,0.5454545454545454,0.731811689461569,g_reversal_diff_ret_3d__ret_5d
11.0,-0.05330540070265153,0.24392327244457476,-1.5514337780064245,0.45454545454545453,-0.7247935453572355,0.04497988344359321,0.20385216394408506,1.5664562432203124,0.5454545454545454,0.731811689461569,g_trend_diff_ret_3d__ret_5d
11.0,-0.0431357449186246,0.1949337915738019,-1.5709611333060256,0.18181818181818182,-0.7339162686598281,-0.014630033831714502,0.23168321025563662,-0.44829721039708625,0.45454545454545453,-0.20943396302418082,g_liquidity_lvl_vol_ratio_5
11.0,-0.0431357449186246,0.1949337915738019,-1.5709611333060256,0.18181818181818182,-0.7339162686598281,-0.014630033831714502,0.23168321025563662,-0.44829721039708625,0.45454545454545453,-0.20943396302418082,vol_ratio_5
11.0,-0.04313574492148699,0.19493379157609037,-1.5709611333918283,0.18181818181818182,-0.733916268699913,-0.014630033831714502,0.23168321025563662,-0.44829721039708625,0.45454545454545453,-0.20943396302418082,g_liquidity_diff_vol_ratio_5__amihud_20
11.0,-0.04195299304422078,0.18886600183481267,-1.5769736315370095,0.36363636363636365,-0.7367251670936941,0.03580814143839353,0.1828069682291354,1.3906066515047977,0.45454545454545453,0.6496588764727426,g_liquidity_ratio_vol_ratio_5__amount_ratio_20
11.0,-0.04748298968026734,0.21299488651397908,-1.5826473201465558,0.5454545454545454,-0.7393757816032288,-0.053650551129542735,0.2419553980294985,-1.5741790932109403,0.45454545454545453,-0.7354196242018851,g_trend_lvl_open_to_close_intraday
11.0,-0.047524153402193556,0.2129994432434958,-1.583985453878754,0.5454545454545454,-0.7400009263600795,-0.053650551129542735,0.2419553980294985,-1.5741790932109403,0.45454545454545453,-0.7354196242018851,g_trend_tanh_open_to_close_intraday
11.0,-0.0434963302097296,0.1949022571710038,-1.584349592629078,0.18181818181818182,-0.7401710434605261,-0.01482211066244679,0.23126290851894882,-0.4550083182532411,0.45454545454545453,-0.21256923552197815,g_liquidity_lvl_turn_ratio_5
11.0,-0.0434963302097296,0.1949022571710038,-1.584349592629078,0.18181818181818182,-0.7401710434605261,-0.01482211066244679,0.23126290851894882,-0.4550083182532411,0.45454545454545453,-0.21256923552197815,turn_ratio_5
11.0,-0.04349633021259286,0.19490225717329224,-1.5843495927147693,0.18181818181818182,-0.7401710435005591,-0.01482211066244679,0.23126290851894882,-0.4550083182532411,0.45454545454545453,-0.21256923552197815,g_liquidity_diff_turn_ratio_5__amihud_20
11.0,-0.055193968270066555,0.2460405012723639,-1.5925764326261822,0.36363636363636365,-0.744014430534546,-0.059303432815315034,0.25267383842532337,-1.6662295177066317,0.18181818181818182,-0.7784234278238497,trend_shock_5_20
11.0,-0.055193968270066555,0.2460405012723639,-1.5925764326261822,0.36363636363636365,-0.744014430534546,-0.059303432815315034,0.25267383842532337,-1.6662295177066317,0.18181818181818182,-0.7784234278238497,g_trend_diff_ret_5d__ret_20d
11.0,-0.061153325893285856,0.2567657789829575,-1.6908232386088364,0.45454545454545453,-0.7899130385432583,-0.05169704245334497,0.24131300573016673,-1.5208985198896456,0.36363636363636365,-0.7105281875297828,g_reversal_ratio_ret_3d__close_pos
11.0,-0.05958071115936858,0.24798363688484285,-1.7056814482464713,0.36363636363636365,-0.796854446287236,-0.06303776055876896,0.24223081983102462,-1.8475093519830073,0.45454545454545453,-0.8631131230268132,g_trend_tanh_ma_gap_5
11.0,-0.05967283995286014,0.24812430048773632,-1.7073504595139175,0.36363636363636365,-0.7976341692834236,-0.06303776055876896,0.24223081983102462,-1.8475093519830073,0.45454545454545453,-0.8631131230268132,ma_gap_5
11.0,-0.05967283995286014,0.24812430048773632,-1.7073504595139175,0.36363636363636365,-0.7976341692834236,-0.06303776055876896,0.24223081983102462,-1.8475093519830073,0.45454545454545453,-0.8631131230268132,g_trend_lvl_ma_gap_5
11.0,-0.0477692802621229,0.1985917480531679,-1.7076653545723601,0.36363636363636365,-0.7977812808837119,0.03580814143839353,0.1828069682291354,1.3906066515047977,0.45454545454545453,0.6496588764727426,g_liquidity_sym_vol_ratio_5__amount_ratio_20
11.0,-0.045763751855882724,0.18947156496993472,-1.7147185575608872,0.2727272727272727,-0.8010763722196423,-0.019216959511077148,0.20437988342259752,-0.6675161787095367,0.45454545454545453,-0.31184793357528384,g_trend_tanh_close_to_vwap_day
11.0,-0.045774717983671526,0.18939767189067122,-1.7157986005019579,0.2727272727272727,-0.8015809430002285,-0.019216959511077148,0.20437988342259752,-0.6675161787095367,0.45454545454545453,-0.31184793357528384,g_trend_lvl_close_to_vwap_day
11.0,-0.03405583111242802,0.13538700860459482,-1.785787419494421,0.45454545454545453,-0.8342780809458118,-0.05686045339230961,0.15388586163545434,-2.62317259192278,0.36363636363636365,-1.2254848321188012,g_reversal_sym_overnight_gap__close_pos
11.0,-0.022299599637758512,0.08774655288022955,-1.8041899939007184,0.5454545454545454,-0.8428753329437538,-0.06028156717232347,0.13638116504651487,-3.13794557235328,0.36363636363636365,-1.4659747188478163,g_reversal_rel_body_ratio_to_ret_1d
11.0,-0.06059820939180269,0.23234727088161014,-1.851558695471242,0.18181818181818182,-0.8650048815180964,-0.04421641383826259,0.2306535373036061,-1.3609390172692835,0.45454545454545453,-0.635798852213408,g_trend_diff_ret_10d__ret_20d
11.0,-0.068268538409121,0.25865094957292933,-1.8737937930828974,0.36363636363636365,-0.8753925986464577,-0.054718432827676515,0.22869373815265856,-1.6986137888845287,0.36363636363636365,-0.7935526012720386,g_trend_diff_ret_3d__ret_20d
11.0,-0.04680727230048081,0.17626509448889086,-1.8852210631619921,0.2727272727272727,-0.8807311517396001,0.02001364182036452,0.19209616154397474,0.7396439417091685,0.45454545454545453,0.3455443360929381,g_liquidity_diff_vol_ratio_5__amount_ratio_20
11.0,-0.05945191822307947,0.2133164215152309,-1.9785947409075904,0.2727272727272727,-0.9243531483054087,-0.022899159663865545,0.21889979714337826,-0.7426590100417363,0.36363636363636365,-0.34695290544165003,g_volatility_sym_downside_vol_ratio_20__intraday_range
11.0,-0.0388153542553111,0.12983764825918762,-2.122355748082763,0.36363636363636365,-0.9915149257217243,-0.06481174287896975,0.2670653472802378,-1.7228657135425962,0.45454545454545453,-0.804882532786901,g_reversal_ratio_ret_3d__body_ratio
11.0,-0.040062201811618854,0.13246073347733456,-2.1471526782212504,0.5454545454545454,-1.003099471039633,-0.05755102040816327,0.1673340763717338,-2.4416527874008214,0.45454545454545453,-1.1406830284342886,g_liquidity_ratio_amount_ratio_20__amihud_20
11.0,-0.07752049223031007,0.2549760701590172,-2.1584021586354316,0.45454545454545453,-1.0083549649630015,-0.08951017683111301,0.23677646575270203,-2.683793826462297,0.36363636363636365,-1.253805653882969,g_reversal_ratio_ret_1d__close_pos
11.0,-0.03903869532258424,0.12699751319839914,-2.182304490914433,0.5454545454545454,-1.0195215751015698,-0.0496802357306559,0.16988472280861075,-2.076082416594032,0.45454545454545453,-0.9698971084093378,g_liquidity_ratio_vol_ratio_20__amihud_20
11.0,-0.06542706950178502,0.1989787929670519,-2.3343498513093754,0.2727272727272727,-1.0905536084232734,-0.0283564334824839,0.16548423167490123,-1.216494800612299,0.2727272727272727,-0.5683178953196547,g_volatility_ratio_atr_norm_14__minute_realized_vol_5m
11.0,-0.06843065361593287,0.208016135785945,-2.335441170687492,0.36363636363636365,-1.0910634472912906,-0.0733273091903955,0.2590228668355524,-2.0097540425686486,0.36363636363636365,-0.938910044669232,g_trend_ratio_ret_1d__ma_gap_5
11.0,-0.07533260837915232,0.22644196582636944,-2.361790420677391,0.18181818181818182,-1.1033732001073104,-0.022899159663865545,0.21889979714337826,-0.7426590100417363,0.36363636363636365,-0.34695290544165003,g_volatility_ratio_downside_vol_ratio_20__intraday_range
11.0,-0.07331974473599974,0.21863846718689825,-2.3807272258117935,0.2727272727272727,-1.112220032196231,-0.0283564334824839,0.16548423167490123,-1.216494800612299,0.2727272727272727,-0.5683178953196547,g_volatility_sym_atr_norm_14__minute_realized_vol_5m
11.0,-0.07996285567434379,0.2383447453065799,-2.3817599162695093,0.18181818181818182,-1.112702481005014,-0.09123158354250792,0.2873426206657946,-2.2540338459726934,0.36363636363636365,-1.0530318507548884,g_volatility_diff_atr_norm_14__realized_vol_20
11.0,-0.0522069567223242,0.15489267617889124,-2.392835055767655,0.5454545454545454,-1.1178765269333562,-0.05365218814798647,0.16601129835165532,-2.294378482233186,0.45454545454545453,-1.071879920434643,g_liquidity_sym_vol_ratio_20__amihud_20
11.0,-0.058255081165117614,0.17264925616013227,-2.395434876064274,0.36363636363636365,-1.1190911021197358,0.013022481719960712,0.1632760435651519,0.5662217614809011,0.45454545454545453,0.2645255529304725,g_liquidity_rel_vol_ratio_5_to_vol_ratio_20
11.0,-0.0582550811651618,0.1726492561602314,-2.3954348760647153,0.36363636363636365,-1.119091102119942,0.013022481719960712,0.1632760435651519,0.5662217614809011,0.45454545454545453,0.2645255529304725,g_liquidity_ratio_vol_ratio_5__vol_ratio_20
11.0,-0.059288269810809154,0.17200846168139255,-2.447001485676053,0.36363636363636365,-1.143181815066956,0.011381097893702941,0.16267826577734001,0.4966722469287037,0.45454545454545453,0.23203364773620963,g_liquidity_rel_turn_ratio_5_to_vol_ratio_20
11.0,-0.05932368516612581,0.16983595433906337,-2.4797834298592423,0.36363636363636365,-1.1584967720345476,-0.038430628899144885,0.25234242283818153,-1.0811911724942047,0.45454545454545453,-0.5051072074297561,g_trend_sym_ret_1d__ret_10d
11.0,-0.054236696888004914,0.1552249380234483,-2.4805444025708594,0.5454545454545454,-1.1588522806726813,-0.05874713521772345,0.16443217526382628,-2.5363849021807736,0.45454545454545453,-1.1849396549844589,g_liquidity_sym_amount_ratio_20__amihud_20
11.0,-0.06350248095106291,0.18111586986033706,-2.4891407518575974,0.36363636363636365,-1.1628682938374004,0.013022481719960712,0.1632760435651519,0.5662217614809011,0.45454545454545453,0.2645255529304725,g_liquidity_sym_vol_ratio_5__vol_ratio_20
11.0,-0.05807338446505508,0.1639745232969514,-2.5142938222008877,0.45454545454545453,-1.1746192195225171,-0.044734257339299345,0.2263187201463887,-1.4032499050144214,0.36363636363636365,-0.6555655085610719,g_reversal_lvl_morning_momentum_30m
11.0,-0.058110039474102336,0.1640303996903952,-2.515023778836681,0.45454545454545453,-1.1749602381760453,-0.044734257339299345,0.2263187201463887,-1.4032499050144214,0.36363636363636365,-0.6555655085610719,g_reversal_tanh_morning_momentum_30m
11.0,-0.03345630994508386,0.0943621377972674,-2.5170714038946715,0.36363636363636365,-1.1759168406726406,-0.029371384917603407,0.11596270863045977,-1.7981310567665885,0.2727272727272727,-0.8400447393413729,g_liquidity_diff_amihud_20__ret_vol_corr_20
11.0,-0.03345630994624077,0.09436213779622897,-2.517071404009411,0.36363636363636365,-1.1759168407262441,-0.029371384917603407,0.11596270863045977,-1.7981310567665885,0.2727272727272727,-0.8400447393413729,g_liquidity_neg_ret_vol_corr_20
11.0,-0.05411959939260018,0.14933974779515793,-2.5727312860486293,0.5454545454545454,-1.2019198347368614,-0.05234475608425188,0.16208961657959142,-2.2926262132473765,0.45454545454545453,-1.0710613013813204,g_liquidity_rel_barra_liquidity_proxy_to_vol_ratio_20
11.0,-0.05421582602031127,0.14721843699122444,-2.614442800491862,0.45454545454545453,-1.2214064779079146,-0.09662727410571942,0.16440055251746877,-4.172647749018696,0.18181818181818182,-1.9493633556337497,g_reversal_lvl_signed_vol_imbalance_5m
11.0,-0.05421582602031127,0.14721843699122444,-2.614442800491862,0.45454545454545453,-1.2214064779079146,-0.09662727410571942,0.16440055251746877,-4.172647749018696,0.18181818181818182,-1.9493633556337497,g_liquidity_lvl_signed_vol_imbalance_5m
11.0,-0.06032562172980746,0.16333326854844418,-2.62205877068658,0.2727272727272727,-1.2249644809094078,-0.006530066572083383,0.17130331248167532,-0.2706245029572072,0.36363636363636365,-0.1264294330441487,g_liquidity_diff_vol_ratio_5__vol_ratio_20
11.0,-0.06032562172980746,0.16333326854844418,-2.62205877068658,0.2727272727272727,-1.2249644809094078,-0.006530066572083383,0.17130331248167532,-0.2706245029572072,0.36363636363636365,-0.1264294330441487,liquidity_regime_switch
11.0,-0.06407255883893806,0.17201164222176227,-2.6444142857014943,0.36363636363636365,-1.2354084542298596,-0.07633465366060567,0.2627259607229481,-2.0626902649227596,0.45454545454545453,-0.9636406086299815,g_reversal_sym_ret_1d__close_pos
11.0,-0.05518679994769,0.1470731291594397,-2.663895274388698,0.45454545454545453,-1.2445095161364825,-0.09662727410571942,0.16440055251746877,-4.172647749018696,0.18181818181818182,-1.9493633556337497,g_reversal_tanh_signed_vol_imbalance_5m
11.0,-0.05518679994769,0.1470731291594397,-2.663895274388698,0.45454545454545453,-1.2445095161364825,-0.09662727410571942,0.16440055251746877,-4.172647749018696,0.18181818181818182,-1.9493633556337497,g_liquidity_tanh_signed_vol_imbalance_5m
11.0,-0.08381274892930682,0.2220343882819996,-2.679816833833433,0.2727272727272727,-1.2519476960196059,-0.08871876023136527,0.25837532101688343,-2.43769689018625,0.2727272727272727,-1.1388349258546848,g_volatility_rel_atr_norm_14_to_realized_vol_20
11.0,-0.08381274893608279,0.22203438826294652,-2.6798168342800457,0.2727272727272727,-1.251947696228253,-0.08871876023136527,0.25837532101688343,-2.43769689018625,0.2727272727272727,-1.1388349258546848,g_volatility_ratio_atr_norm_14__realized_vol_20
11.0,-0.0869350436047259,0.2263174274343716,-2.7270440093453896,0.2727272727272727,-1.274011126932206,-0.08871876023136527,0.25837532101688343,-2.43769689018625,0.2727272727272727,-1.1388349258546848,g_volatility_sym_atr_norm_14__realized_vol_20
11.0,-0.05359113750952107,0.1394888347083403,-2.7275253607471606,0.45454545454545453,-1.2742360030397126,-0.014955555945630654,0.26737737551416674,-0.3970938618339733,0.45454545454545453,-0.18551295713573793,g_trend_sym_ret_3d__ret_10d
11.0,-0.05418883457787533,0.14022203104560058,-2.743524391926479,0.18181818181818182,-1.281710375903787,-0.04468187274909964,0.13705047343428509,-2.314547486787588,0.36363636363636365,-1.08130240724945,g_trend_sym_ret_10d__ret_20d
11.0,-0.058882088629395854,0.15195105438551457,-2.751026392300626,0.6363636363636364,-1.2852151348728975,-0.03310541354747259,0.18610771628958903,-1.2628445829377635,0.45454545454545453,-0.5899714286734132,g_reversal_lvl_body_ratio
11.0,-0.09443323617588018,0.23603330657743074,-2.840317245868974,0.18181818181818182,-1.3269297315532262,-0.03131561715595328,0.24268518218596988,-0.9160791172309157,0.36363636363636365,-0.42797072012877924,g_volatility_ratio_downside_vol_ratio_20__minute_realized_vol_5m
11.0,-0.06475451109878558,0.16088281424596362,-2.857430278838896,0.2727272727272727,-1.3349245399774847,-0.0720636213715712,0.19368418685585537,-2.641418323803087,0.18181818181818182,-1.2340088109599467,g_trend_sym_ret_5d__ret_20d
11.0,-0.08206960675085652,0.20357400979090362,-2.8620373011528106,0.45454545454545453,-1.337076832962064,-0.07251403467999441,0.21057549118941032,-2.444722197088472,0.36363636363636365,-1.1421169847920805,g_reversal_tanh_close_pos
11.0,-0.07982856760113179,0.19160139030873058,-2.9578418453303073,0.45454545454545453,-1.3818344734235017,-0.07251403467999441,0.21057549118941032,-2.444722197088472,0.36363636363636365,-1.1421169847920805,g_reversal_lvl_close_pos
11.0,-0.06614330449667633,0.15803063941568435,-2.971391380560485,0.36363636363636365,-1.3881644991175681,-0.04394957983193277,0.17096397550404346,-1.8250105845013225,0.36363636363636365,-0.8526022255071184,g_volatility_sym_atr_norm_14__intraday_range
11.0,-0.0645857273240163,0.15395051736170473,-2.9783152840000273,0.5454545454545454,-1.3913991847308371,-0.03310541354747259,0.18610771628958903,-1.2628445829377635,0.45454545454545453,-0.5899714286734132,g_reversal_tanh_body_ratio
11.0,-0.06996263906844748,0.1660785674452337,-2.9906656416816255,0.36363636363636365,-1.3971689827443743,0.011406198843173631,0.17174609680395353,0.4714865744295183,0.45454545454545453,0.2202674910870051,g_volatility_sym_downside_vol_ratio_20__jump_ratio_5m
11.0,-0.084440958747309,0.1974718131575924,-3.0357311714872237,0.18181818181818182,-1.41822254338244,-0.05394357743097238,0.22370331006097882,-1.7119165976423982,0.2727272727272727,-0.7997673621335786,g_volatility_tanh_downside_vol_ratio_20
11.0,-0.07006785029981856,0.1629560443783074,-3.052555632548394,0.36363636363636365,-1.4260825377657773,0.011406198843173631,0.17174609680395353,0.4714865744295183,0.45454545454545453,0.2202674910870051,g_volatility_ratio_downside_vol_ratio_20__jump_ratio_5m
11.0,-0.030520168890674822,0.07094880511751064,-3.0539161952371283,0.2727272727272727,-1.4267181608061081,0.009675324675324677,0.12030655295882234,0.5709413956149657,0.45454545454545453,0.2667304555214251,g_liquidity_sym_amihud_20__ret_vol_corr_20
11.0,-0.05817882338162832,0.13097336566345283,-3.1535317954369564,0.2727272727272727,-1.473256237432556,-0.04394957983193277,0.17096397550404346,-1.8250105845013225,0.36363636363636365,-0.8526022255071184,g_volatility_ratio_atr_norm_14__intraday_range
11.0,-0.08702703449707422,0.19366708143508118,-3.190168668146147,0.2727272727272727,-1.4903721267719117,-0.05394357743097238,0.22370331006097882,-1.7119165976423982,0.2727272727272727,-0.7997673621335786,g_volatility_lvl_downside_vol_ratio_20
11.0,-0.08745286895532299,0.19406086664534386,-3.199273458545445,0.2727272727272727,-1.494625671722906,-0.05223016479319,0.2260897040685359,-1.6400454320942508,0.2727272727272727,-0.7661908359388635,g_volatility_diff_downside_vol_ratio_20__minute_realized_vol_5m
11.0,-0.09540016549382088,0.21158806129068547,-3.2009083325753624,0.45454545454545453,-1.4953894466007993,-0.08559980914756156,0.23099484180352947,-2.6307875780142385,0.36363636363636365,-1.2290423753702873,g_reversal_tanh_ret_1d
11.0,-0.09540016549382088,0.21158806129068547,-3.2009083325753624,0.45454545454545453,-1.4953894466007993,-0.08559980914756156,0.23099484180352947,-2.6307875780142385,0.36363636363636365,-1.2290423753702873,g_trend_tanh_ret_1d
11.0,-0.09544254131936371,0.21165989520167133,-3.2012433263796427,0.45454545454545453,-1.4955459478646747,-0.08559980914756156,0.23099484180352947,-2.6307875780142385,0.36363636363636365,-1.2290423753702873,g_reversal_lvl_ret_1d
11.0,-0.09544254131936371,0.21165989520167133,-3.2012433263796427,0.45454545454545453,-1.4955459478646747,-0.08559980914756156,0.23099484180352947,-2.6307875780142385,0.36363636363636365,-1.2290423753702873,g_trend_lvl_ret_1d
11.0,-0.06447743412048307,0.1390879138680616,-3.291043489183451,0.36363636363636365,-1.5374984818979767,-0.028973043762959737,0.15405506503730915,-1.3351602954649633,0.45454545454545453,-0.6237556368108531,g_trend_rel_breakout_20_to_ret_1d
11.0,-0.090794479235586,0.19374003654609998,-3.327019397324592,0.18181818181818182,-1.554305584062898,-0.04788988322601768,0.23042512747440794,-1.4754660122728749,0.2727272727272727,-0.6893031834484984,g_volatility_diff_downside_vol_ratio_20__intraday_range
11.0,-0.09422669092385673,0.19360054568462567,-3.455275103063557,0.18181818181818182,-1.6142236475939693,-0.025527873669235427,0.19142447138966295,-0.9467437651437507,0.45454545454545453,-0.4422965258402125,g_reversal_sym_ret_1d__ret_5d
11.0,-0.09422669092385673,0.19360054568462567,-3.455275103063557,0.18181818181818182,-1.6142236475939693,-0.025527873669235427,0.19142447138966295,-0.9467437651437507,0.45454545454545453,-0.4422965258402125,g_trend_sym_ret_1d__ret_5d
11.0,-0.05655987798609756,0.11195774230764198,-3.586489800074787,0.2727272727272727,-1.6755240825838222,-0.059959074538906476,0.17872709251882132,-2.381660197301979,0.2727272727272727,-1.1126558946375902,g_liquidity_ratio_vol_ratio_5__amihud_20
11.0,-0.05666600979162897,0.11196512151248608,-3.592982854537919,0.2727272727272727,-1.6785574856405603,-0.06107661246316708,0.17868743318631786,-2.426588859240854,0.2727272727272727,-1.133645513812105,g_liquidity_ratio_turn_ratio_5__amihud_20
11.0,-0.11080800191148685,0.21408417616250833,-3.6745302245034277,0.36363636363636365,-1.7166545080399365,-0.07735472126960498,0.1535627027456177,-3.5761551036660877,0.45454545454545453,-1.6706959543346893,g_reversal_ratio_overnight_gap__close_pos
11.0,-0.05829649700003817,0.10959467744983521,-3.7763154418003735,0.2727272727272727,-1.764206178988088,-0.14095874713521772,0.14117711227434254,-7.088314932158612,0.2727272727272727,-3.311494814100018,g_reversal_rel_signed_vol_imbalance_5m_to_ret_1d
11.0,-0.08322478918637767,0.15560053568372814,-3.797142398730793,0.36363636363636365,-1.7739360457517206,-0.058265306122448964,0.17830391254433328,-2.319874161065922,0.2727272727272727,-1.0837909047863012,g_liquidity_sym_vol_ratio_5__amihud_20
11.0,-0.0707139239092801,0.13138929261651874,-3.820852131484025,0.45454545454545453,-1.78501267790019,-0.01965631041107935,0.25436834439770845,-0.5485979833315989,0.36363636363636365,-0.25629213631385345,g_reversal_rel_close_pos_to_ret_3d
11.0,-0.08369910447195386,0.15541802796690327,-3.823267503578287,0.36363636363636365,-1.7861410832039648,-0.05926061333624358,0.1783597078901515,-2.3587649069837444,0.2727272727272727,-1.1019597509304058,g_liquidity_sym_turn_ratio_5__amihud_20
11.0,-0.08237375535210488,0.14965922728948897,-3.9075148323779287,0.36363636363636365,-1.8254994631704191,-0.06235894357743095,0.16854554237317318,-2.6266169739006426,0.2727272727272727,-1.227093966753286,g_liquidity_rel_barra_liquidity_proxy_to_vol_ratio_5
11.0,-0.08363602705824946,0.14941893195882186,-3.9737728198012494,0.2727272727272727,-1.8564536439376402,-0.09902279660265445,0.15079753095634352,-4.661827773956446,0.2727272727272727,-2.1778968126325857,g_trend_ratio_ret_1d__ret_10d
11.0,-0.08235696458095046,0.14606055820020472,-4.002972842157432,0.36363636363636365,-1.8700952108727396,-0.09135724076214422,0.163756830280458,-3.9605802641907895,0.2727272727272727,-1.850290390765781,g_trend_ratio_ret_1d__ret_20d
11.0,-0.08351081426282793,0.14631469790484578,-4.0520055497238525,0.45454545454545453,-1.893002144097564,-0.12384917603404998,0.1510653267606326,-5.820276211890043,0.18181818181818182,-2.719096806049234,g_liquidity_rel_signed_vol_imbalance_5m_to_vol_ratio_5
11.0,-0.07716284098869718,0.12794041468189038,-4.281694956654333,0.2727272727272727,-2.0003076584805664,-0.0457759467423333,0.20195776722309436,-1.6091333755462187,0.45454545454545453,-0.7517494467043698,g_reversal_sym_ret_1d__overnight_gap
11.0,-0.09296984352499817,0.15332545062876027,-4.304702261449655,0.18181818181818182,-2.0110561327294274,-0.08021390374331551,0.19322637075000232,-2.9471247785736625,0.18181818181818182,-1.376827710698276,g_trend_sym_ret_3d__ret_20d
11.0,-0.12451665160414721,0.1977035066555462,-4.471243576865843,0.2727272727272727,-2.088860336917933,-0.1709314634944887,0.22495691965875217,-5.394335112746275,0.18181818181818182,-2.5201070948941307,g_reversal_tanh_last30_momentum
11.0,-0.12451481854459373,0.19770004307449549,-4.471256086132957,0.2727272727272727,-2.0888661809547138,-0.1709314634944887,0.22495691965875217,-5.394335112746275,0.18181818181818182,-2.5201070948941307,g_reversal_lvl_last30_momentum
11.0,-0.07563861743436996,0.11453704557473535,-4.688272792576259,0.18181818181818182,-2.1902513063107634,-0.0025442718071629748,0.1609226226588047,-0.11224362182797404,0.45454545454545453,-0.052437592736296106,g_reversal_sym_body_ratio__close_pos
11.0,-0.10917440475453016,0.16144834910171832,-4.800677064043162,0.2727272727272727,-2.242763950797905,-0.10574434154297205,0.20904093029769436,-3.5912122680777667,0.36363636363636365,-1.6777303090919975,g_reversal_ratio_ret_1d__overnight_gap
11.0,-0.09357542552948991,0.13769120292375273,-4.824706340693541,0.2727272727272727,-2.253989866375286,-0.1302286369093092,0.15112601612965937,-6.117620452632952,0.09090909090909091,-2.8580090751352794,g_liquidity_rel_signed_vol_imbalance_5m_to_vol_ratio_20
11.0,-0.0688088396739638,0.09950426579401205,-4.9092800037705775,0.36363636363636365,-2.293500702077356,-0.06411055331223399,0.1417979731624499,-3.20977633071791,0.2727272727272727,-1.4995323677522374,amihud_20
11.0,-0.0688088396739638,0.09950426579401205,-4.9092800037705775,0.36363636363636365,-2.293500702077356,-0.06411055331223399,0.1417979731624499,-3.20977633071791,0.2727272727272727,-1.4995323677522374,g_liquidity_tanh_barra_liquidity_proxy
11.0,-0.0688088396739638,0.09950426579401205,-4.9092800037705775,0.36363636363636365,-2.293500702077356,-0.06411055331223399,0.1417979731624499,-3.20977633071791,0.2727272727272727,-1.4995323677522374,g_liquidity_lvl_barra_liquidity_proxy
11.0,-0.0688088396739638,0.09950426579401205,-4.9092800037705775,0.36363636363636365,-2.293500702077356,-0.06411055331223399,0.1417979731624499,-3.20977633071791,0.2727272727272727,-1.4995323677522374,g_liquidity_neg_amihud_20
11.0,-0.12058476399865899,0.17169304488758635,-4.9860313322025585,0.09090909090909091,-2.329357126137283,-0.11407385997661178,0.258399834509304,-3.1340734783487796,0.2727272727272727,-1.4641657671663049,g_trend_sym_ret_1d__ret_20d
11.0,-0.11382700097061199,0.16023665096250997,-5.0431130343880195,0.2727272727272727,-2.356024361238474,-0.05147302794450263,0.17128865717918307,-2.1333709657996116,0.45454545454545453,-0.9966609775964844,g_trend_sym_ret_3d__ret_5d
11.0,-0.11382700097061199,0.16023665096250997,-5.0431130343880195,0.2727272727272727,-2.356024361238474,-0.05147302794450263,0.17128865717918307,-2.1333709657996116,0.45454545454545453,-0.9966609775964844,g_reversal_sym_ret_3d__ret_5d
11.0,-0.1369979785903688,0.16282580203530733,-5.973188239207301,0.18181818181818182,-2.7905337258702354,-0.14609625668449197,0.15528186217503637,-6.679341155118674,0.18181818181818182,-3.120431838663313,g_reversal_lvl_overnight_gap
11.0,-0.13699432257122848,0.1627986014338956,-5.974026816136969,0.18181818181818182,-2.790925489382494,-0.14609625668449197,0.15528186217503637,-6.679341155118674,0.18181818181818182,-3.120431838663313,g_reversal_tanh_overnight_gap
11.0,-0.16000547335061824,0.16675319442071307,-6.812020478743851,0.18181818181818182,-3.1824165129234436,-0.06096165001606534,0.15802432456873242,-2.73872255696361,0.2727272727272727,-1.2794670710097615,g_trend_ratio_ret_3d__ret_5d
11.0,-0.16000547335061824,0.16675319442071307,-6.812020478743851,0.18181818181818182,-3.1824165129234436,-0.06096165001606534,0.15802432456873242,-2.73872255696361,0.2727272727272727,-1.2794670710097615,g_reversal_ratio_ret_3d__ret_5d
11.0,-0.11338779302096012,0.09484300371131017,-8.487431275164356,0.09090909090909091,-3.965129219248431,-0.1365097128784434,0.13542325150052434,-7.156251325604292,0.09090909090909091,-3.3432331068730115,g_reversal_ratio_overnight_gap__body_ratio
11.0,-0.13124286744564426,0.09733159029857548,-9.57275974703842,0.09090909090909091,-4.472169276103178,-0.10671538855724205,0.18864215490121913,-4.016091227030654,0.45454545454545453,-1.8762238132123383,g_reversal_ratio_ret_1d__body_ratio
11.0,-0.14225835683732957,0.09978773904255757,-10.12082402432265,0.0,-4.728212077444611,-0.09442150397456199,0.2313404007614439,-2.897575082857031,0.36363636363636365,-1.3536792527112533,g_trend_ratio_ret_1d__ret_5d
11.0,-0.14225835683732957,0.09978773904255757,-10.12082402432265,0.0,-4.728212077444611,-0.09442150397456199,0.2313404007614439,-2.897575082857031,0.36363636363636365,-1.3536792527112533,g_reversal_ratio_ret_1d__ret_5d
