trade_date,entry_ts,exit_ts,hold_n,active_stocks,pool_size,avg_pred_score,strategy_ret,benchmark_pool_ret,benchmark_hs300_ret,benchmark_zz500_ret,benchmark_zz1000_ret,weighting_mode,portfolio_turnover,portfolio_concentration,portfolio_weight_entropy,timing_exposure,timing_enabled,portfolio_mode,execution_model,avg_fill_ratio,cash_drag_weight,extra_cost_bps,strategy_net,strategy_cum_return,strategy_cum_ret,benchmark_pool_net,benchmark_pool_cum_return,benchmark_pool_cum_ret,benchmark_hs300_net,benchmark_hs300_cum_return,benchmark_hs300_cum_ret,benchmark_zz500_net,benchmark_zz500_cum_return,benchmark_zz500_cum_ret,benchmark_zz1000_net,benchmark_zz1000_cum_return,benchmark_zz1000_cum_ret,excess_vs_pool_ret,excess_vs_pool_net,excess_vs_pool_cum_return,excess_vs_pool_cum_ret,excess_vs_hs300_ret,excess_vs_hs300_net,excess_vs_hs300_cum_return,excess_vs_hs300_cum_ret,excess_vs_zz500_ret,excess_vs_zz500_net,excess_vs_zz500_cum_return,excess_vs_zz500_cum_ret,excess_vs_zz1000_ret,excess_vs_zz1000_net,excess_vs_zz1000_cum_return,excess_vs_zz1000_cum_ret,benchmark_ret,benchmark_net,benchmark_cum_return,benchmark_cum_ret,excess_ret,excess_net,excess_cum_return,excess_cum_ret
2025-01-02,2025-01-03,2025-01-10,5,10,30,0.8499999999991501,-0.025463435333815593,-0.0161513606350884,-0.011306525675036871,-0.010782076876762914,-0.014273780760857169,equal_weight,0.9999999999989999,0.0999999999998,2.302585092982743,1.0,0.0,0.0,0.0,1.0,1.000088900582341e-12,0.0,0.9745365646661844,-0.025463435333815565,-0.025463435333815565,0.9838486393649116,-0.016151360635088374,-0.016151360635088374,0.9886934743249631,-0.011306525675036871,-0.011306525675036871,0.9892179231232371,-0.010782076876762914,-0.010782076876762914,0.9857262192391428,-0.014273780760857169,-0.014273780760857169,-0.009312074698727194,0.9906879253012728,-0.00931207469872719,-0.00931207469872719,-0.014156909658778721,0.9858430903412213,-0.014156909658778694,-0.014156909658778694,-0.014681358457052679,0.9853186415429473,-0.014681358457052651,-0.014681358457052651,-0.011189654572958424,0.9888103454270416,-0.011189654572958396,-0.011189654572958396,-0.0161513606350884,0.9838486393649116,-0.016151360635088374,-0.016151360635088374,-0.009312074698727194,0.9906879253012728,-0.00931207469872719,-0.00931207469872719
2025-01-09,2025-01-10,2025-01-17,5,10,30,0.8499999999991501,-0.002553995647669205,0.001453527980367501,0.0213964920384051,0.0406037605407501,0.053500539954076665,equal_weight,0.9999999999989999,0.0999999999998,2.302585092982743,1.0,0.0,0.0,0.0,1.0,1.000088900582341e-12,0.0,0.9720476025215324,-0.02795239747846756,-0.02795239747846756,0.9852786908906751,-0.014721309109324898,-0.014721309109324898,1.0098480463767803,0.009848046376780273,0.009848046376780273,1.029383890796351,0.029383890796351064,0.029383890796351064,1.0384631042153276,0.038463104215327615,0.038463104215327615,-0.004007523628036706,0.9867177200326173,-0.013282279967382737,-0.013282279967382737,-0.023950487686074308,0.9622316675456024,-0.03776833245439759,-0.03776833245439759,-0.043157756188419306,0.9427944998433323,-0.0572055001566677,-0.0572055001566677,-0.05605453560174587,0.9333830407159268,-0.06661695928407319,-0.06661695928407319,0.001453527980367501,0.9852786908906751,-0.014721309109324898,-0.014721309109324898,-0.004007523628036706,0.9867177200326173,-0.013282279967382737,-0.013282279967382737
2025-01-16,2025-01-17,2025-01-24,5,10,30,0.8499999999991501,0.0020345624622044997,-0.0006060854232808369,0.005382779041654739,0.01121401522812282,0.016529454742661542,equal_weight,0.9999999999989999,0.0999999999998,2.302585092982743,1.0,0.0,0.0,0.0,1.0,1.000088900582341e-12,0.0,0.9740252940850986,-0.025974705914901364,-0.025974705914901364,0.984681527838257,-0.01531847216174298,-0.01531847216174298,1.0152838352760731,0.015283835276073132,0.015283835276073132,1.0409274174233256,0.04092741742332562,0.04092741742332562,1.0556283330983787,0.05562833309837867,0.05562833309837867,0.0026406478854853364,0.9893232940935922,-0.01067670590640779,-0.01067670590640779,-0.0033482165794502397,0.9590099075230542,-0.04099009247694585,-0.04099009247694585,-0.00917945276591832,0.9341401622640528,-0.06585983773594717,-0.06585983773594717,-0.014494892280457042,0.919853754084344,-0.080146245915656,-0.080146245915656,-0.0006060854232808369,0.984681527838257,-0.01531847216174298,-0.01531847216174298,0.0026406478854853364,0.9893232940935922,-0.01067670590640779,-0.01067670590640779
2025-01-23,2025-01-24,2025-02-10,5,10,30,0.8499999999991501,0.019105203475024528,0.01953194295305292,0.01779296108601791,0.04223063920919645,0.045875890221332094,equal_weight,0.7999999999992,0.0999999999998,2.302585092982743,1.0,0.0,0.0,0.0,1.0,1.000088900582341e-12,0.0,0.9926342455184151,-0.007365754481584941,-0.007365754481584941,1.003914271266919,0.003914271266918901,0.003914271266918901,1.0333487410484032,0.03334874104840324,0.03334874104840324,1.0848864476314908,0.08488644763149078,0.08488644763149078,1.1040562226221278,0.10405622262212777,0.10405622262212777,-0.00042673947802839354,0.9889011107874693,-0.01109888921253066,-0.01109888921253066,0.0013122423890066168,0.9602683609751832,-0.0397316390248168,-0.0397316390248168,-0.023125435734171924,0.9125377639749066,-0.0874622360250934,-0.0874622360250934,-0.026770686746307566,0.895228637381337,-0.10477136261866304,-0.10477136261866304,0.01953194295305292,1.003914271266919,0.003914271266918901,0.003914271266918901,-0.00042673947802839354,0.9889011107874693,-0.01109888921253066,-0.01109888921253066
2025-02-07,2025-02-10,2025-02-17,5,10,30,0.8499999999991501,-0.001872460193533147,-0.0030967217376662785,0.011877791227106638,0.010217963638253114,0.011435224626751728,equal_weight,0.7999999999992,0.0999999999998,2.302585092982743,1.0,0.0,0.0,0.0,1.0,1.000088900582341e-12,0.0,0.990775577406944,-0.009224422593056003,-0.009224422593056003,1.0008054281203331,0.0008054281203331293,0.0008054281203331293,1.0456226416593697,0.04562264165936969,0.04562264165936969,1.0959717779050229,0.09597177790502287,0.09597177790502287,1.1166813535283748,0.11668135352837483,0.11668135352837483,0.0012242615441331315,0.990111784388357,-0.009888215611642992,-0.009888215611642992,-0.013750251420639785,0.9470644295804888,-0.052935570419511246,-0.052935570419511246,-0.01209042383178626,0.9015047956459394,-0.09849520435406056,-0.09849520435406056,-0.013307684820284875,0.883315216832973,-0.11668478316702702,-0.11668478316702702,-0.0030967217376662785,1.0008054281203331,0.0008054281203331293,0.0008054281203331293,0.0012242615441331315,0.990111784388357,-0.009888215611642992,-0.009888215611642992
2025-02-14,2025-02-17,2025-02-24,5,10,30,0.8499999999991501,0.011952867471245283,-0.0025006077202904967,0.005654104298578266,0.01618045562742898,0.02904657851242831,equal_weight,0.9999999999989999,0.0999999999998,2.302585092982743,1.0,0.0,0.0,0.0,1.0,1.000088900582341e-12,0.0,1.0026181865774357,0.0026181865774357327,0.0026181865774357327,0.9983028063402668,-0.0016971936597331982,-0.0016971936597331982,1.0515347011322667,0.05153470113226666,0.05153470113226666,1.1137051006263294,0.11370510062632944,0.11370510062632944,1.1491171261370015,0.14911712613700145,0.14911712613700145,0.01445347519153578,1.0044223405008612,0.0044223405008612104,0.0044223405008612104,0.006298763172667017,0.9530297641316732,-0.046970235868326826,-0.046970235868326826,-0.004227588156183697,0.8976936046491238,-0.10230639535087616,-0.10230639535087616,-0.017093711041183027,0.8682160817581501,-0.13178391824184987,-0.13178391824184987,-0.0025006077202904967,0.9983028063402668,-0.0016971936597331982,-0.0016971936597331982,0.01445347519153578,1.0044223405008612,0.0044223405008612104,0.0044223405008612104
2025-02-21,2025-02-24,2025-03-03,5,10,30,0.8499999999991501,-0.010538519244562925,0.0025745014618202776,-0.020465690627316957,-0.026336428632518394,-0.02944821987047097,equal_weight,0.7999999999992,0.0999999999998,2.302585092982743,1.0,0.0,0.0,0.0,1.0,1.000088900582341e-12,0.0,0.9920520755232406,-0.007947924476759405,-0.007947924476759405,1.0008729383745292,0.0008729383745291752,0.0008729383745291752,1.0300143172550056,0.030014317255005585,0.030014317255005585,1.0843740857260125,0.08437408572601246,0.08437408572601246,1.1152776723495954,0.1152776723495954,0.1152776723495954,-0.013113020706383203,0.9912513295519195,-0.008748670448080476,-0.008748670448080476,0.009927171382754032,0.9624906539330739,-0.03750934606692613,-0.03750934606692613,0.01579790938795547,0.9118752868735178,-0.08812471312648218,-0.08812471312648218,0.018909700625908046,0.8846337879427957,-0.11536621205720432,-0.11536621205720432,0.0025745014618202776,1.0008729383745292,0.0008729383745291752,0.0008729383745291752,-0.013113020706383203,0.9912513295519195,-0.008748670448080476,-0.008748670448080476
2025-02-28,2025-03-03,2025-03-10,5,10,30,0.8499999999991501,-0.0035969831833292504,-0.0002539977770085004,0.010371163597853394,0.02172171185758165,0.03941919163743046,equal_weight,0.1999999999998,0.0999999999998,2.302585092982743,1.0,0.0,0.0,0.0,1.0,1.000088900582341e-12,0.0,0.9884836808905967,-0.011516319109403317,-0.011516319109403317,1.0006187188731142,0.0006187188731141546,0.0006187188731141546,1.0406967642473886,0.04069676424738855,0.04069676424738855,1.1079285471619815,0.10792854716198153,0.10792854716198153,1.1592410166448914,0.15924101664489143,0.15924101664489143,-0.00334298540632075,0.9879375908232314,-0.012062409176768596,-0.012062409176768596,-0.013968146781182645,0.9490464432034202,-0.05095355679657976,-0.05095355679657976,-0.0253186950409109,0.888787794569824,-0.11121220543017596,-0.11121220543017596,-0.043016174820759714,0.8465802262682975,-0.15341977373170246,-0.15341977373170246,-0.0002539977770085004,1.0006187188731142,0.0006187188731141546,0.0006187188731141546,-0.00334298540632075,0.9879375908232314,-0.012062409176768596,-0.012062409176768596
2025-03-07,2025-03-10,2025-03-17,5,10,30,0.8499999999991501,0.02489272712235444,0.01854867932578856,0.017304511655206634,0.015697535876483037,0.01051882901524026,equal_weight,0.7999999999992,0.0999999999998,2.302585092982743,1.0,0.0,0.0,0.0,1.0,1.000088900582341e-12,0.0,1.0130897354239068,0.01308973542390679,0.01308973542390679,1.0191788746168728,0.019178874616872843,0.019178874616872843,1.0587055135338432,0.058705513533843234,0.058705513533843234,1.1253202952796364,0.1253202952796364,0.1253202952796364,1.1714348746864323,0.17143487468643226,0.17143487468643226,0.006344047796565878,0.9942051141194382,-0.005794885880561762,-0.005794885880561762,0.007588215467147805,0.9562480121027781,-0.0437519878972219,-0.0437519878972219,0.009195191245871401,0.8969603683178898,-0.10303963168211017,-0.10303963168211017,0.014373898107114178,0.8587488841801757,-0.1412511158198243,-0.1412511158198243,0.01854867932578856,1.0191788746168728,0.019178874616872843,0.019178874616872843,0.006344047796565878,0.9942051141194382,-0.005794885880561762,-0.005794885880561762
2025-03-14,2025-03-17,2025-03-24,5,10,30,0.8499999999991501,-0.011147251341600174,-0.0139107287838228,-0.015497194246980484,-0.022746986010846904,-0.03478605419537495,equal_weight,0.7999999999992,0.0999999999998,2.302585092982743,1.0,0.0,0.0,0.0,1.0,1.000088900582341e-12,0.0,1.0017965695115412,0.0017965695115411684,0.0017965695115411684,1.0050013537098759,0.0050013537098758665,0.0050013537098758665,1.04229854854026,0.04229854854026005,0.04229854854026005,1.0997226502651885,0.09972265026518845,0.09972265026518845,1.1306852776492378,0.13068527764923776,0.13068527764923776,0.002763477442222627,0.9969525775252498,-0.0030474224747502054,-0.0030474224747502054,0.00434994290538031,0.9604076363588087,-0.03959236364119134,-0.03959236364119134,0.01159973466924673,0.9073648705992071,-0.09263512940079288,-0.09263512940079288,0.023638802853774774,0.87904867975421,-0.12095132024579003,-0.12095132024579003,-0.0139107287838228,1.0050013537098759,0.0050013537098758665,0.0050013537098758665,0.002763477442222627,0.9969525775252498,-0.0030474224747502054,-0.0030474224747502054
2025-03-21,2025-03-24,2025-03-31,5,10,30,0.8499999999991501,-0.0010296048566315527,-0.0017487067841661873,-0.012082547513259323,-0.01864726534864103,-0.021019627721218237,equal_weight,0.5999999999994,0.0999999999998,2.302585092982743,1.0,0.0,0.0,0.0,1.0,1.000088900582341e-12,0.0,1.0007651148982153,0.0007651148982152911,0.0007651148982152911,1.0032439010245473,0.003243901024547302,0.003243901024547302,1.029704926804521,0.02970492680452108,0.02970492680452108,1.0792158301957828,0.07921583019578282,0.07921583019578282,1.1069186940431885,0.10691869404318854,0.10691869404318854,0.0007191019275346346,0.9976694880454088,-0.002330511954591219,-0.002330511954591219,0.011052942656627771,0.97102296689047,-0.028977033109530037,-0.028977033109530037,0.017617660492009475,0.9233505168318001,-0.07664948316819986,-0.07664948316819986,0.019990022864586683,0.8966208829615813,-0.10337911703841873,-0.10337911703841873,-0.0017487067841661873,1.0032439010245473,0.003243901024547302,0.003243901024547302,0.0007191019275346346,0.9976694880454088,-0.002330511954591219,-0.002330511954591219
2025-03-28,2025-03-31,2025-04-08,5,10,30,0.8499999999991501,-0.06207924313054628,-0.051716416647466096,-0.06085113958098509,-0.09062455827915472,-0.11187879708652293,equal_weight,0.9999999999989999,0.0999999999998,2.302585092982743,1.0,0.0,0.0,0.0,1.0,1.000088900582341e-12,0.0,0.93863837401388,-0.06136162598612005,-0.06136162598612005,0.9513597214401326,-0.04864027855986741,-0.04864027855986741,0.9670462085763112,-0.032953791423688816,-0.032953791423688816,0.9814123722964188,-0.018587627703581244,-0.018587627703581244,0.9830779620810517,-0.016922037918948307,-0.016922037918948307,-0.010362826483080186,0.9873308122533307,-0.012669187746669253,-0.012669187746669253,-0.0012281035495611894,0.9698304501381264,-0.03016954986187359,-0.03016954986187359,0.02854531514860844,0.9497078483273943,-0.0502921516726057,-0.0502921516726057,0.04979955395597665,0.9412722030006819,-0.05872779699931807,-0.05872779699931807,-0.051716416647466096,0.9513597214401326,-0.04864027855986741,-0.04864027855986741,-0.010362826483080186,0.9873308122533307,-0.012669187746669253,-0.012669187746669253
2025-04-07,2025-04-08,2025-04-15,5,10,30,0.8499999999991501,0.032949190679957635,0.0338443622669544,0.03026110460865783,0.051741026793374,0.06944099107073587,equal_weight,0.7999999999992,0.0999999999998,2.302585092982743,1.0,0.0,0.0,0.0,1.0,1.000088900582341e-12,0.0,0.9695657487787888,-0.03043425122121124,-0.03043425122121124,0.9835578844987413,-0.016442115501258736,-0.016442115501258736,0.9963100950554449,-0.0036899049445551224,-0.0036899049445551224,1.0321916561467566,0.032191656146756564,0.032191656146756564,1.0513438700677593,0.05134387006775931,0.05134387006775931,-0.0008951715869967639,0.9864469817632351,-0.013553018236764913,-0.013553018236764913,0.0026880860712998056,0.9724374378626652,-0.027562562137334767,-0.027562562137334767,-0.018791836113416366,0.9318610940860006,-0.0681389059139994,-0.0681389059139994,-0.036491800390778234,0.9069234856553929,-0.09307651434460706,-0.09307651434460706,0.0338443622669544,0.9835578844987413,-0.016442115501258736,-0.016442115501258736,-0.0008951715869967639,0.9864469817632351,-0.013553018236764913,-0.013553018236764913
2025-04-14,2025-04-15,2025-04-22,5,10,30,0.8499999999991501,0.016431601786336743,0.012333426292356809,0.006039771511218817,0.003868785089032878,0.0059659835959544605,equal_weight,1.1999999999987998,0.0999999999998,2.302585092982743,1.0,0.0,0.0,0.0,1.0,1.000088900582341e-12,0.0,0.9854972670683934,-0.014502732931606643,-0.014502732931606643,0.9956885231714729,-0.004311476828527061,-0.004311476828527061,1.0023275803839005,0.0023275803839004627,0.0023275803839004627,1.0361849838350814,0.0361849838350814,0.0361849838350814,1.0576161703502909,0.057616170350290874,0.057616170350290874,0.004098175493979934,0.9904896146100076,-0.009510385389992382,-0.009510385389992382,0.010391830275117926,0.9825428426701047,-0.01745715732989528,-0.01745715732989528,0.012562816697303865,0.9435678941983522,-0.056432105801647814,-0.056432105801647814,0.010465618190382282,0.916415000584153,-0.08358499941584696,-0.08358499941584696,0.012333426292356809,0.9956885231714729,-0.004311476828527061,-0.004311476828527061,0.004098175493979934,0.9904896146100076,-0.009510385389992382,-0.009510385389992382
2025-04-21,2025-04-22,2025-04-29,5,10,30,0.8499999999991501,-0.010427655537054,-0.00567879534955373,-0.0023454314431051726,-0.0034321270777811774,-0.007720388508788978,equal_weight,0.7999999999992,0.0999999999998,2.302585092982743,1.0,0.0,0.0,0.0,1.0,1.000088900582341e-12,0.0,0.975220841034696,-0.024779158965304027,-0.024779158965304027,0.9900342118164828,-0.009965788183517232,-0.009965788183517232,0.9999766897605765,-2.331023942347965e-05,-2.331023942347965e-05,1.0326286652944707,0.03262866529447073,0.03262866529447073,1.049450962622009,0.04945096262200899,0.04945096262200899,-0.004748860187500269,0.9857859179130536,-0.014214082086946411,-0.014214082086946411,-0.008082224093948827,0.9746017112337394,-0.0253982887662606,-0.0253982887662606,-0.006995528459272822,0.9369671381412314,-0.06303286185876855,-0.06303286185876855,-0.0027072670282650216,0.9139340204688641,-0.08606597953113593,-0.08606597953113593,-0.00567879534955373,0.9900342118164828,-0.009965788183517232,-0.009965788183517232,-0.004748860187500269,0.9857859179130536,-0.014214082086946411,-0.014214082086946411
2025-04-28,2025-04-29,2025-05-09,5,10,30,0.8499999999991501,0.017735836922378283,0.016021743355740154,0.018828755016122578,0.020841919561184197,0.030270958286446215,equal_weight,0.9999999999989999,0.0999999999998,2.302585092982743,1.0,0.0,0.0,0.0,1.0,1.000088900582341e-12,0.0,0.992517198834592,-0.007482801165408004,-0.007482801165408004,1.005896285871609,0.005896285871608953,0.005896285871608953,1.0188050058739115,0.01880500587391154,0.01880500587391154,1.054150628873111,0.05415062887311106,0.05415062887311106,1.0812188489352106,0.08121884893521059,0.08121884893521059,0.0017140935666381286,0.9874756472130309,-0.012524352786969062,-0.012524352786969062,-0.0010929180937442953,0.9735365513893378,-0.026463448610662188,-0.026463448610662188,-0.003106082638805914,0.9340568407803193,-0.06594315921968075,-0.06594315921968075,-0.012535121364067932,0.9024777466035363,-0.0975222533964637,-0.0975222533964637,0.016021743355740154,1.005896285871609,0.005896285871608953,0.005896285871608953,0.0017140935666381286,0.9874756472130309,-0.012524352786969062,-0.012524352786969062
2025-05-08,2025-05-09,2025-05-16,5,10,30,0.8499999999991501,0.01429761598385744,0.010044971052468665,0.011161270847757532,-0.0010266138364266597,-0.0022960887406650032,equal_weight,0.7999999999992,0.0999999999998,2.302585092982743,1.0,0.0,0.0,0.0,1.0,1.000088900582341e-12,0.0,1.006707828600903,0.006707828600903021,0.006707828600903021,1.0160004849449749,0.016000484944974858,0.016000484944974858,1.0301761644855214,0.030176164485521406,0.030176164485521406,1.0530684232518321,0.05306842325183214,0.05306842325183214,1.0787362745099758,0.07873627450997578,0.07873627450997578,0.004252644931388775,0.9916750305190214,-0.008324969480978606,-0.008324969480978606,0.003136345136099908,0.9765898980171033,-0.023410101982896725,-0.023410101982896725,0.0153242298202841,0.9483705424736453,-0.05162945752635473,-0.05162945752635473,0.016593704724522443,0.9174531958511277,-0.08254680414887228,-0.08254680414887228,0.010044971052468665,1.0160004849449749,0.016000484944974858,0.016000484944974858,0.004252644931388775,0.9916750305190214,-0.008324969480978606,-0.008324969480978606
2025-05-15,2025-05-16,2025-05-23,5,10,30,0.8499999999991501,0.0023736979253096047,0.0033132015516252147,-0.0017513116838538956,-0.010987868993740268,-0.012926909616278182,equal_weight,0.5999999999994,0.0999999999998,2.302585092982743,1.0,0.0,0.0,0.0,1.0,1.000088900582341e-12,0.0,1.0090974488850457,0.009097448885045711,0.009097448885045711,1.0193666993281465,0.019366699328146497,0.019366699328146497,1.02837200493223,0.02837200493223002,0.02837200493223002,1.0414974453756964,0.04149744537569644,0.04149744537569644,1.0647915481895847,0.06479154818958466,0.06479154818958466,-0.00093950362631561,0.9907433482317222,-0.009256651768277835,-0.009256651768277835,0.0041250096091635,0.9806183407306357,-0.019381659269364304,-0.019381659269364304,0.013361566919049873,0.9610422589409625,-0.03895774105903749,-0.03895774105903749,0.015300607541587786,0.9314907871386213,-0.06850921286137868,-0.06850921286137868,0.0033132015516252147,1.0193666993281465,0.019366699328146497,0.019366699328146497,-0.00093950362631561,0.9907433482317222,-0.009256651768277835,-0.009256651768277835
2025-05-22,2025-05-23,2025-05-30,5,10,30,0.8499999999991501,-0.015329252390050322,-0.010717285536176272,-0.010829220194144118,0.0031890783089605357,0.0061580970586883055,equal_weight,0.5999999999994,0.0999999999998,2.302585092982743,1.0,0.0,0.0,0.0,1.0,1.000088900582341e-12,0.0,0.9936287394049309,-0.006371260595069095,-0.006371260595069095,1.0084418553453773,0.008441855345377336,0.008441855345377336,1.0172355380493254,0.017235538049325427,0.017235538049325427,1.0448188622875818,0.04481886228758181,0.04481886228758181,1.0713486378906072,0.07134863789060719,0.07134863789060719,-0.00461196685387405,0.9861740727489813,-0.013825927251018721,-0.013825927251018721,-0.004500032195906204,0.9762055266254517,-0.02379447337454832,-0.02379447337454832,-0.018518330699010856,0.9432453605741693,-0.0567546394258307,-0.0567546394258307,-0.021487349448738625,0.9114755190870931,-0.08852448091290688,-0.08852448091290688,-0.010717285536176272,1.0084418553453773,0.008441855345377336,0.008441855345377336,-0.00461196685387405,0.9861740727489813,-0.013825927251018721,-0.013825927251018721
2025-05-29,2025-05-30,2025-06-09,5,10,30,0.8499999999991501,-0.002371722551099191,0.002928719431687428,0.011721687648037715,0.02373131570186371,0.031926007539956336,equal_weight,0.7999999999992,0.0999999999998,2.302585092982743,1.0,0.0,0.0,0.0,1.0,1.000088900582341e-12,0.0,0.9912721277162639,-0.00872787228373606,-0.00872787228373606,1.0113952986028543,0.011395298602854265,0.011395298602854265,1.0291592552908233,0.029159255290823305,0.029159255290823305,1.0696137885597905,0.0696137885597905,0.0696137885597905,1.1055525225818246,0.10555252258182457,0.10555252258182457,-0.005300441982786619,0.9809469142914469,-0.01905308570855313,-0.01905308570855313,-0.014093410199136906,0.9624474617000547,-0.037552538299945315,-0.037552538299945315,-0.0261030382529629,0.918623790845172,-0.08137620915482802,-0.08137620915482802,-0.03429773009105553,0.8802139777488392,-0.11978602225116075,-0.11978602225116075,0.002928719431687428,1.0113952986028543,0.011395298602854265,0.011395298602854265,-0.005300441982786619,0.9809469142914469,-0.01905308570855313,-0.01905308570855313
2025-06-06,2025-06-09,2025-06-16,5,10,30,0.8499999999991501,-0.00027094040319041823,0.007576942628810327,-0.002947303722853345,-0.006518817690479239,-0.011497734992516606,equal_weight,0.7999999999992,0.0999999999998,2.302585092982743,1.0,0.0,0.0,0.0,1.0,1.000088900582341e-12,0.0,0.9910035520463091,-0.008996447953690923,-0.008996447953690923,1.0190585827554166,0.01905858275541661,0.01905858275541661,1.0261260103862957,0.026126010386295695,0.026126010386295695,1.0626411712729464,0.06264117127294644,0.06264117127294644,1.0928411726568705,0.09284117265687053,0.09284117265687053,-0.007847883032000746,0.9732485576474855,-0.026751442352514476,-0.026751442352514476,0.0026763633196629265,0.9650233207836514,-0.034976679216348616,-0.034976679216348616,0.006247877287288821,0.9243632395635568,-0.07563676043644318,-0.07563676043644318,0.011226794589326189,0.8900959592716793,-0.10990404072832072,-0.10990404072832072,0.007576942628810327,1.0190585827554166,0.01905858275541661,0.01905858275541661,-0.007847883032000746,0.9732485576474855,-0.026751442352514476,-0.026751442352514476
2025-06-13,2025-06-16,2025-06-23,5,10,30,0.8499999999991501,-0.009059226290289124,-0.0055488074457663095,-0.004102695160688952,-0.01623459033310415,-0.0112628630361159,equal_weight,0.7999999999992,0.0999999999998,2.302585092982743,1.0,0.0,0.0,0.0,1.0,1.000088900582341e-12,0.0,0.9820258266138413,-0.0179741733861587,-0.0179741733861587,1.0134040229037513,0.013404022903751311,0.013404022903751311,1.0219161281692268,0.021916128169226834,0.021916128169226834,1.0453896271862402,0.04538962718624018,0.04538962718624018,1.080532652209008,0.08053265220900796,0.08053265220900796,-0.003510418844522815,0.969832047570315,-0.030167952429684952,-0.030167952429684952,-0.004956531129600173,0.9602401526533971,-0.03975984734660287,-0.03975984734660287,0.007175364042815024,0.9309958823152211,-0.06900411768477888,-0.06900411768477888,0.0022036367458267755,0.8920574074348422,-0.10794259256515781,-0.10794259256515781,-0.0055488074457663095,1.0134040229037513,0.013404022903751311,0.013404022903751311,-0.003510418844522815,0.969832047570315,-0.030167952429684952,-0.030167952429684952
2025-06-20,2025-06-23,2025-06-30,5,10,30,0.8499999999991501,0.023947859238302862,0.01342813180701615,0.02026412283152834,0.0425115920037642,0.0457303138977152,equal_weight,0.5999999999994,0.0999999999998,2.302585092982743,1.0,0.0,0.0,0.0,1.0,1.000088900582341e-12,0.0,1.0055432428779676,0.005543242877967591,0.005543242877967591,1.0270121456970633,0.02701214569706334,0.02701214569706334,1.042624362113968,0.04262436211396792,0.04262436211396792,1.0898308045021488,0.08983080450214875,0.08983080450214875,1.1299457495712566,0.1299457495712566,0.1299457495712566,0.010519727431286712,0.9800344163648814,-0.019965583635118578,-0.019965583635118578,0.0036837364067745203,0.9637774242629732,-0.03622257573702681,-0.03622257573702681,-0.018563732765461336,0.9137131235501765,-0.08628687644982347,-0.08628687644982347,-0.02178245465941234,0.8726262074037998,-0.12737379259620019,-0.12737379259620019,0.01342813180701615,1.0270121456970633,0.02701214569706334,0.02701214569706334,0.010519727431286712,0.9800344163648814,-0.019965583635118578,-0.019965583635118578
2025-06-27,2025-06-30,2025-07-07,5,10,30,0.8499999999991501,0.016660897814543482,0.01951049726629727,0.007392128054340086,-0.0025327163661962304,-0.0045690958139801285,equal_weight,0.5999999999994,0.0999999999998,2.302585092982743,1.0,0.0,0.0,0.0,1.0,1.000088900582341e-12,0.0,1.0222964960956622,0.0222964960956622,0.0222964960956622,1.0470496633581399,0.04704966335813987,0.04704966335813987,1.050331574911289,0.05033157491128892,0.05033157491128892,1.0870705721872014,0.08707057218720138,0.08707057218720138,1.124782919176866,0.1247829191768659,0.1247829191768659,-0.0028495994517537884,0.9772417108293082,-0.02275828917069178,-0.02275828917069178,0.009268769760203396,0.9727104553085486,-0.027289544691451395,-0.027289544691451395,0.019193614180739713,0.9312505807154771,-0.06874941928452294,-0.06874941928452294,0.02122999362852361,0.8911520562270652,-0.10884794377293483,-0.10884794377293483,0.01951049726629727,1.0470496633581399,0.04704966335813987,0.04704966335813987,-0.0028495994517537884,0.9772417108293082,-0.02275828917069178,-0.02275828917069178
2025-07-04,2025-07-07,2025-07-14,5,10,30,0.8499999999991501,-0.0012233838862094042,0.01893413995234147,0.013238507758169371,0.020414357927234006,0.021362894034728797,equal_weight,0.7999999999992,0.0999999999998,2.302585092982743,1.0,0.0,0.0,0.0,1.0,1.000088900582341e-12,0.0,1.0210458350354106,0.021045835035410576,0.021045835035410576,1.066874648221215,0.06687464822121503,0.06687464822121503,1.0642363976144023,0.06423639761440225,0.06423639761440225,1.109262419939994,0.10926241993999408,0.10926241993999408,1.1488115374913141,0.14881153749131415,0.14881153749131415,-0.02015752383855087,0.9575429377472402,-0.0424570622527598,-0.0424570622527598,-0.014461891644378775,0.9586432221025221,-0.04135677789747794,-0.04135677789747794,-0.021637741813443412,0.9111004210863363,-0.08889957891366373,-0.08889957891366373,-0.022586277920938203,0.8710242482153051,-0.1289757517846949,-0.1289757517846949,0.01893413995234147,1.066874648221215,0.06687464822121503,0.06687464822121503,-0.02015752383855087,0.9575429377472402,-0.0424570622527598,-0.0424570622527598
2025-07-11,2025-07-14,2025-07-21,5,10,30,0.8499999999991501,-0.0006623824558290841,0.003631212932165036,0.016910058272609607,0.02332723619669541,0.02320441390494543,equal_weight,0.5999999999994,0.0999999999998,2.302585092982743,1.0,0.0,0.0,0.0,1.0,1.000088900582341e-12,0.0,1.0203695121876857,0.02036951218768568,0.02036951218768568,1.0707486972408349,0.07074869724083488,0.07074869724083488,1.082232697113894,0.08223269711389403,0.08223269711389403,1.1351384464140521,0.13513844641405215,0.13513844641405215,1.1754690359060394,0.17546903590603935,0.17546903590603935,-0.00429359538799412,0.9534316358059223,-0.04656836419407773,-0.04656836419407773,-0.017572440728438693,0.941797520902406,-0.05820247909759402,-0.05820247909759402,-0.023989618652524497,0.8892434694303206,-0.11075653056967938,-0.11075653056967938,-0.023866796360774517,0.8502356898578537,-0.1497643101421463,-0.1497643101421463,0.003631212932165036,1.0707486972408349,0.07074869724083488,0.07074869724083488,-0.00429359538799412,0.9534316358059223,-0.04656836419407773,-0.04656836419407773
2025-07-18,2025-07-21,2025-07-28,5,10,30,0.8499999999991501,0.005897759743767258,0.014338696940787403,0.012291196877232347,0.026311129664166932,0.017803295363959526,equal_weight,0.3999999999996,0.0999999999998,2.302585092982743,1.0,0.0,0.0,0.0,1.0,1.000088900582341e-12,0.0,1.0263874064204337,0.02638740642043369,0.02638740642043369,1.0861018383103143,0.08610183831031426,0.08610183831031426,1.095534632261099,0.09553463226109904,0.09553463226109904,1.1650052212644333,0.1650052212644333,0.1650052212644333,1.1963962583434633,0.1963962583434633,0.1963962583434633,-0.008440937197020146,0.9453837792464324,-0.054616220753567646,-0.054616220753567646,-0.006393437133465089,0.9357761976600631,-0.06422380233993685,-0.06422380233993685,-0.020413369920399674,0.8710910135395399,-0.12890898646046012,-0.12890898646046012,-0.011905535620192267,0.8401131785666923,-0.15988682143330768,-0.15988682143330768,0.014338696940787403,1.0861018383103143,0.08610183831031426,0.08610183831031426,-0.008440937197020146,0.9453837792464324,-0.054616220753567646,-0.054616220753567646
2025-07-25,2025-07-28,2025-08-04,5,10,30,0.8499999999991501,-0.00878973881286415,-0.01594593268230058,-0.01574583444556643,-0.009755638562676694,0.0014435409085227224,equal_weight,0.3999999999996,0.0999999999998,2.302585092982743,1.0,0.0,0.0,0.0,1.0,1.000088900582341e-12,0.0,1.017365729197185,0.01736572919718493,0.01736572919718493,1.068782931510495,0.06878293151049508,0.06878293151049508,1.0782845253121314,0.07828452531213137,0.07828452531213137,1.1536398514021462,0.1536398514021462,0.1536398514021462,1.1981233052851856,0.19812330528518562,0.19812330528518562,0.007156193869436431,0.9521491288517403,-0.0478508711482597,-0.0478508711482597,0.006956095632702282,0.9422855463817932,-0.05771445361820682,-0.05771445361820682,0.0009658997498125446,0.8719324001315817,-0.1280675998684183,-0.1280675998684183,-0.010233279721386872,0.8315160654127959,-0.16848393458720412,-0.16848393458720412,-0.01594593268230058,1.068782931510495,0.06878293151049508,0.06878293151049508,0.007156193869436431,0.9521491288517403,-0.0478508711482597,-0.0478508711482597
2025-08-01,2025-08-04,2025-08-11,5,10,30,0.8499999999991501,0.011258218134106969,0.02078854905719553,0.012727288806696935,0.020765663679899404,0.0303044915689048,equal_weight,0.9999999999989999,0.0999999999998,2.302585092982743,1.0,0.0,0.0,0.0,1.0,1.000088900582341e-12,0.0,1.0288194544986518,0.028819454498651753,0.028819454498651753,1.0910013779136942,0.09100137791369423,0.09100137791369423,1.092008163881571,0.09200816388157107,0.09200816388157107,1.1775959485640923,0.17759594856409233,0.17759594856409233,1.2344318228887088,0.23443182288870879,0.23443182288870879,-0.00953033092308856,0.9430748325656527,-0.05692516743434728,-0.05692516743434728,-0.0014690706725899658,0.9409012623203983,-0.05909873767960172,-0.05909873767960172,-0.009507445545792435,0.8636425503177186,-0.13635744968228136,-0.13635744968228136,-0.019046273434797832,0.8156787830655166,-0.18432121693448345,-0.18432121693448345,0.02078854905719553,1.0910013779136942,0.09100137791369423,0.09100137791369423,-0.00953033092308856,0.9430748325656527,-0.05692516743434728,-0.05692516743434728
2025-08-08,2025-08-11,2025-08-18,5,10,30,0.8499999999991501,0.01520805716466004,0.0025407561369772216,0.028356989223315088,0.043245209457175804,0.042290850277011405,equal_weight,0.5999999999994,0.0999999999998,2.302585092982743,1.0,0.0,0.0,0.0,1.0,1.000088900582341e-12,0.0,1.0444657995747815,0.04446579957478147,0.04446579957478147,1.0937733463600792,0.09377334636007917,0.09377334636007917,1.1229742276165329,0.12297422761653287,0.12297422761653287,1.228521332015668,0.22852133201566804,0.22852133201566804,1.2866369942876734,0.2866369942876734,0.2866369942876734,0.012667301027682818,0.9550210453613933,-0.04497895463860668,-0.04497895463860668,-0.013148932058655048,0.9285294155482445,-0.07147058445175547,-0.07147058445175547,-0.028037152292515764,0.839428472608164,-0.160571527391836,-0.160571527391836,-0.027082793112351365,0.7935879233376186,-0.20641207666238137,-0.20641207666238137,0.0025407561369772216,1.0937733463600792,0.09377334636007917,0.09377334636007917,0.012667301027682818,0.9550210453613933,-0.04497895463860668,-0.04497895463860668
2025-08-15,2025-08-18,2025-08-25,5,10,29,0.8448275862060518,0.018540978815888388,0.04164710632629499,0.05420774055276034,0.0425488360904851,0.03317756350791323,equal_weight,0.5999999999994,0.0999999999998,2.302585092982743,1.0,0.0,0.0,0.0,1.0,1.000088900582341e-12,0.0,1.0638312178386173,0.06383121783861734,0.06383121783861734,1.139325841212805,0.1393258412128049,0.1393258412128049,1.1838481231946063,0.1838481231946063,0.1838481231946063,1.2807934848052671,0.2807934848052671,0.2807934848052671,1.3293244748772832,0.3293244748772832,0.3293244748772832,-0.0231061275104066,0.9329542073121512,-0.06704579268784883,-0.06704579268784883,-0.03566676173687196,0.8954117781182083,-0.10458822188179173,-0.10458822188179173,-0.02400785727459671,0.8192755936455545,-0.18072440635444553,-0.18072440635444553,-0.014636584692024845,0.7819725064871195,-0.21802749351288053,-0.21802749351288053,0.04164710632629499,1.139325841212805,0.1393258412128049,0.1393258412128049,-0.0231061275104066,0.9329542073121512,-0.06704579268784883,-0.06704579268784883
2025-08-22,2025-08-25,2025-09-01,5,10,30,0.8499999999991501,-0.013510104674663627,-0.007561782183218147,0.012192054903515492,0.022784000220946732,0.0031319673569296658,equal_weight,0.3999999999996,0.0999999999998,2.302585092982743,1.0,0.0,0.0,0.0,1.0,1.000088900582341e-12,0.0,1.0494587467294427,0.049458746729442726,0.049458746729442726,1.1307105073658419,0.1307105073658419,0.1307105073658419,1.1982816645100187,0.19828166451001872,0.19828166451001872,1.3099750838460575,0.30997508384605754,0.30997508384605754,1.3334878757393664,0.33348787573936645,0.33348787573936645,-0.0059483224914454805,0.9274046948173076,-0.07259530518269242,-0.07259530518269242,-0.025702159578179118,0.872397761708833,-0.12760223829116701,-0.12760223829116701,-0.03629410489561036,0.7895407193113693,-0.21045928068863073,-0.21045928068863073,-0.01664207203159329,0.7689588637074353,-0.23104113629256473,-0.23104113629256473,-0.007561782183218147,1.1307105073658419,0.1307105073658419,0.1307105073658419,-0.0059483224914454805,0.9274046948173076,-0.07259530518269242,-0.07259530518269242
2025-08-29,2025-09-01,2025-09-08,5,10,30,0.8499999999991501,0.009234931917866455,-0.006156429125062753,-0.01240972290228104,-0.01661972060766037,-0.025344653911641424,equal_weight,0.5999999999994,0.0999999999998,2.302585092982743,1.0,0.0,0.0,0.0,1.0,1.000088900582341e-12,0.0,1.0591504268060985,0.0591504268060985,0.0591504268060985,1.1237493682662802,0.12374936826628025,0.12374936826628025,1.1834113210945654,0.18341132109456537,0.18341132109456537,1.2882036639495396,0.28820366394953956,0.28820366394953956,1.2996910870333822,0.2996910870333822,0.2996910870333822,0.015391361042929208,0.9416787153081484,-0.058321284691851605,-0.058321284691851605,0.021644654820147494,0.8912805101268899,-0.10871948987311009,-0.10871948987311009,0.025854652525526826,0.8099540202639192,-0.19004597973608084,-0.19004597973608084,0.034579585829507875,0.7955491427343674,-0.2044508572656326,-0.2044508572656326,-0.006156429125062753,1.1237493682662802,0.12374936826628025,0.12374936826628025,0.015391361042929208,0.9416787153081484,-0.058321284691851605,-0.058321284691851605
2025-09-05,2025-09-08,2025-09-15,5,10,30,0.8499999999991501,-0.0009147453145960946,-0.000861880229779947,0.014657398994935011,0.020772821736249503,0.014298524668330037,equal_weight,0.9999999999989999,0.0999999999998,2.302585092982743,1.0,0.0,0.0,0.0,1.0,1.000088900582341e-12,0.0,1.0581815739157252,0.058181573915725204,0.058181573915725204,1.1227808309025438,0.12278083090254377,0.12278083090254377,1.2007570530029716,0.20075705300297164,0.20075705300297164,1.3149632890207468,0.3149632890207468,0.3149632890207468,1.3182747521025378,0.31827475210253775,0.31827475210253775,-5.2865084816147625e-05,0.941628933382994,-0.05837106661700597,-0.05837106661700597,-0.015572144309531105,0.8774013614029215,-0.12259863859707854,-0.12259863859707854,-0.021687567050845596,0.7923880881413434,-0.20761191185865657,-0.20761191185865657,-0.01521326998292613,0.783446238841264,-0.21655376115873604,-0.21655376115873604,-0.000861880229779947,1.1227808309025438,0.12278083090254377,0.12278083090254377,-5.2865084816147625e-05,0.941628933382994,-0.05837106661700597,-0.05837106661700597
2025-09-12,2025-09-15,2025-09-22,5,10,30,0.8499999999991501,-0.021038114213457772,-0.027045792265008486,-0.002304846884750633,0.012296558266687407,0.009966461112704605,equal_weight,0.7999999999992,0.0999999999998,2.302585092982743,1.0,0.0,0.0,0.0,1.0,1.000088900582341e-12,0.0,1.0359194291051097,0.0359194291051097,0.0359194291051097,1.0924143337908199,0.09241433379081987,0.09241433379081987,1.1979894918500154,0.19798949185001535,0.19798949185001535,1.3311328117227452,0.3311328117227452,0.3311328117227452,1.331413286155228,0.3314132861552279,0.3314132861552279,0.006007678051550714,0.9472859368587843,-0.05271406314121574,-0.05271406314121574,-0.01873326732870714,0.8609647671451889,-0.13903523285481112,-0.13903523285481112,-0.03333467248014518,0.7659740907459833,-0.23402590925401667,-0.23402590925401667,-0.031004575326162378,0.7591558209151114,-0.24084417908488864,-0.24084417908488864,-0.027045792265008486,1.0924143337908199,0.09241433379081987,0.09241433379081987,0.006007678051550714,0.9472859368587843,-0.05271406314121574,-0.05271406314121574
2025-09-19,2025-09-22,2025-09-29,5,10,30,0.8499999999991501,-0.01282263776805731,-0.010348288568833013,0.021546196353961822,0.017360522886238128,0.0011152980221049713,equal_weight,0.5999999999994,0.0999999999998,2.302585092982743,1.0,0.0,0.0,0.0,1.0,1.000088900582341e-12,0.0,1.0226362095088022,0.022636209508802185,0.022636209508802185,1.081109715028023,0.08110971502802311,0.08110971502802311,1.2238016086713988,0.22380160867139876,0.22380160867139876,1.3542419733652804,0.3542419733652804,0.3542419733652804,1.332898208759881,0.3328982087598811,0.3328982087598811,-0.0024743491992242975,0.9449420206594813,-0.0550579793405187,-0.0550579793405187,-0.03436883412201913,0.831374411878273,-0.168625588121727,-0.168625588121727,-0.030183160654295438,0.7428545717079694,-0.2571454282920306,-0.2571454282920306,-0.013937935790162281,0.7485747558284686,-0.25142524417153145,-0.25142524417153145,-0.010348288568833013,1.081109715028023,0.08110971502802311,0.08110971502802311,-0.0024743491992242975,0.9449420206594813,-0.0550579793405187,-0.0550579793405187
2025-09-26,2025-09-29,2025-10-14,5,10,30,0.8499999999991501,0.017737488183747978,0.0486684061996283,-0.017529885479668827,-0.02118328399468905,-0.01662867567967341,equal_weight,0.5999999999994,0.0999999999998,2.302585092982743,1.0,0.0,0.0,0.0,1.0,1.000088900582341e-12,0.0,1.0407752071912373,0.040775207191237284,0.040775207191237284,1.1337256017853714,0.1337256017853714,0.1337256017853714,1.2023485066215547,0.20234850662155468,0.20234850662155468,1.3255546810459555,0.32555468104595553,0.32555468104595553,1.3107338767323955,0.3107338767323955,0.3107338767323955,-0.03093091801588032,0.9157140964887026,-0.08428590351129739,-0.08428590351129739,0.035267373663416805,0.8606948039161875,-0.13930519608381253,-0.13930519608381253,0.03892077217843703,0.7717670452551257,-0.22823295474487426,-0.22823295474487426,0.03436616386342139,0.7743003985512904,-0.2256996014487096,-0.2256996014487096,0.0486684061996283,1.1337256017853714,0.1337256017853714,0.1337256017853714,-0.03093091801588032,0.9157140964887026,-0.08428590351129739,-0.08428590351129739
2025-10-13,2025-10-14,2025-10-21,5,10,30,0.8499999999991501,0.012008341807749748,0.00032029865137792973,0.015159072443128974,-0.001282444904001645,-0.003947429810208902,equal_weight,0.5999999999994,0.0999999999998,2.302585092982743,1.0,0.0,0.0,0.0,1.0,1.000088900582341e-12,0.0,1.053273191624221,0.05327319162422106,0.05327319162422106,1.134088732566656,0.134088732566656,0.134088732566656,1.2205749947353188,0.22057499473531883,0.22057499473531883,1.3238547302002726,0.32385473020027256,0.32385473020027256,1.3055598467541314,0.3055598467541314,0.3055598467541314,0.011688043156371819,0.9264170023673605,-0.07358299763263954,-0.07358299763263954,-0.003150730635379226,0.8579829864297771,-0.1420170135702229,-0.1420170135702229,0.013290786711751393,0.7820244364447702,-0.21797556355522985,-0.21797556355522985,0.01595577161795865,0.7866549588742691,-0.21334504112573094,-0.21334504112573094,0.00032029865137792973,1.134088732566656,0.134088732566656,0.134088732566656,0.011688043156371819,0.9264170023673605,-0.07358299763263954,-0.07358299763263954
2025-10-20,2025-10-21,2025-10-28,5,10,30,0.8499999999991501,0.004681095800687821,0.00634751548409667,0.018251592058112553,0.02162734927405041,0.018405927957704904,equal_weight,0.5999999999994,0.0999999999998,2.302585092982743,1.0,0.0,0.0,0.0,1.0,1.000088900582341e-12,0.0,1.0582036643385102,0.05820366433851021,0.05820366433851021,1.1412873783569624,0.14128737835696237,0.14128737835696237,1.2428524316155607,0.2428524316155607,0.2428524316155607,1.3524861988384176,0.3524861988384176,0.3524861988384176,1.3295898872379601,0.3295898872379601,0.3295898872379601,-0.0016664196834088483,0.9248732028395709,-0.07512679716042914,-0.07512679716042914,-0.013570496257424732,0.8463397315234977,-0.15366026847650227,-0.15366026847650227,-0.01694625347336259,0.7687720521224136,-0.23122794787758638,-0.23122794787758638,-0.013724832157017083,0.7758582515982346,-0.22414174840176537,-0.22414174840176537,0.00634751548409667,1.1412873783569624,0.14128737835696237,0.14128737835696237,-0.0016664196834088483,0.9248732028395709,-0.07512679716042914,-0.07512679716042914
2025-10-27,2025-10-28,2025-11-04,5,10,30,0.8499999999991501,0.003753664958558599,0.009142262850596368,-0.015616884410886711,-0.017736611892336773,-0.0058147766993381644,equal_weight,0.3999999999996,0.0999999999998,2.302585092982743,1.0,0.0,0.0,0.0,1.0,1.000088900582341e-12,0.0,1.0621758063523559,0.06217580635235587,0.06217580635235587,1.1517213275579699,0.15172132755796985,0.15172132755796985,1.223442948851231,0.22344294885123106,0.22344294885123106,1.3284976760398788,0.3284976760398788,0.3284976760398788,1.3218586189419732,0.3218586189419732,0.3218586189419732,-0.0053885978920377685,0.9198894330483474,-0.08011056695165264,-0.08011056695165264,0.01937054936944531,0.8627337970762968,-0.13726620292370317,-0.13726620292370317,0.02149027685089537,0.7852931763577552,-0.2147068236422448,-0.2147068236422448,0.009568441657896764,0.7832820060134501,-0.2167179939865499,-0.2167179939865499,0.009142262850596368,1.1517213275579699,0.15172132755796985,0.15172132755796985,-0.0053885978920377685,0.9198894330483474,-0.08011056695165264,-0.08011056695165264
2025-11-03,2025-11-04,2025-11-11,5,10,30,0.8499999999991501,0.01013167101289612,0.007585516270598532,0.007245979874419106,0.011203017685216254,0.01412907486836179,equal_weight,0.7999999999992,0.0999999999998,2.302585092982743,1.0,0.0,0.0,0.0,1.0,1.000088900582341e-12,0.0,1.0729374221801755,0.07293742218017552,0.07293742218017552,1.160457728427356,0.16045772842735606,0.16045772842735606,1.232307991836107,0.23230799183610706,0.23230799183610706,1.3433808589993221,0.34338085899932214,0.34338085899932214,1.3405352583343937,0.3405352583343937,0.3405352583343937,0.002546154742297588,0.9222316138906929,-0.07776838610930714,-0.07776838610930714,0.002885691138477014,0.8652233803493844,-0.1347766196506156,-0.1347766196506156,-0.0010713466723201344,0.7844518551264686,-0.21554814487353136,-0.21554814487353136,-0.003997403855465671,0.7801509115026951,-0.2198490884973049,-0.2198490884973049,0.007585516270598532,1.160457728427356,0.16045772842735606,0.16045772842735606,0.002546154742297588,0.9222316138906929,-0.07776838610930714,-0.07776838610930714
2025-11-10,2025-11-11,2025-11-18,5,10,30,0.8499999999991501,-0.00951509923022813,-0.017113742703613148,-0.018050301730419993,-0.019281069415690077,-0.012291813948961283,equal_weight,0.5999999999994,0.0999999999998,2.302585092982743,1.0,0.0,0.0,0.0,1.0,1.000088900582341e-12,0.0,1.062728316140306,0.06272831614030605,0.06272831614030605,1.1405979534446309,0.14059795344463089,0.14059795344463089,1.2100644607586575,0.21006446075865748,0.21006446075865748,1.317479039405247,0.3174790394052469,0.3174790394052469,1.3240576483469246,0.32405764834692463,0.32405764834692463,0.007598643473385017,0.9292393231245327,-0.07076067687546728,-0.07076067687546728,0.008535202500191862,0.8726082371085669,-0.12739176289143306,-0.12739176289143306,0.009765970185461947,0.7921127885555641,-0.2078872114444359,-0.2078872114444359,0.0027767147187331524,0.7823171680214978,-0.21768283197850224,-0.21768283197850224,-0.017113742703613148,1.1405979534446309,0.14059795344463089,0.14059795344463089,0.007598643473385017,0.9292393231245327,-0.07076067687546728,-0.07076067687546728
2025-11-17,2025-11-18,2025-11-25,5,10,30,0.8499999999991501,-0.023350953487186275,-0.027158486445956205,-0.017028177224561514,-0.027466718724522998,-0.026604633852306825,equal_weight,0.9999999999989999,0.0999999999998,2.302585092982743,1.0,0.0,0.0,0.0,1.0,1.000088900582341e-12,0.0,1.037912596660598,0.037912596660597986,0.037912596660597986,1.1096210393857195,0.10962103938571954,0.10962103938571954,1.1894592686677157,0.18945926866771567,0.18945926866771567,1.2812922132044482,0.2812922132044482,0.2812922132044482,1.2888315794133083,0.2888315794133083,0.2888315794133083,0.0038075329587699304,0.9327774324739144,-0.06722256752608557,-0.06722256752608557,-0.006322776262624761,0.8670909304604061,-0.13290906953959392,-0.13290906953959392,0.004115765237336724,0.7953729388347509,-0.2046270611652491,-0.2046270611652491,0.0032536803651205502,0.7848625780303861,-0.21513742196961394,-0.21513742196961394,-0.027158486445956205,1.1096210393857195,0.10962103938571954,0.10962103938571954,0.0038075329587699304,0.9327774324739144,-0.06722256752608557,-0.06722256752608557
2025-11-24,2025-11-25,2025-12-02,5,10,30,0.8499999999991501,0.012543870056092732,0.008449104318575802,0.014237023163834683,0.012322486272760669,0.008721580999143663,equal_weight,0.9999999999989999,0.0999999999998,2.302585092982743,1.0,0.0,0.0,0.0,1.0,1.000088900582341e-12,0.0,1.0509320374026903,0.050932037402690256,0.050932037402690256,1.118996343301576,0.11899634330157594,0.11899634330157594,1.2063936278281757,0.20639362782817572,0.20639362782817572,1.2970809189130552,0.2970809189130552,0.2970809189130552,1.3000722284274158,0.30007222842741577,0.30007222842741577,0.00409476573751693,0.9365969375451377,-0.06340306245486227,-0.06340306245486227,-0.0016931531077419518,0.8656228127568022,-0.1343771872431978,-0.1343771872431978,0.00022138378333206275,0.7955490215051101,-0.2044509784948899,-0.2044509784948899,0.0038222890569490683,0.7878625496736004,-0.21213745032639963,-0.21213745032639963,0.008449104318575802,1.118996343301576,0.11899634330157594,0.11899634330157594,0.00409476573751693,0.9365969375451377,-0.06340306245486227,-0.06340306245486227
2025-12-01,2025-12-02,2025-12-09,5,10,30,0.8499999999991501,-0.004589538807589995,-6.923427458590536e-05,0.009636533105271905,0.011508740890481706,0.009217059943023242,equal_weight,1.1999999999987998,0.0999999999998,2.302585092982743,1.0,0.0,0.0,0.0,1.0,1.000088900582341e-12,0.0,1.0461087440328911,0.046108744032891114,0.046108744032891114,1.1189188704014832,0.11891887040148319,0.11891887040148319,1.218019079960731,0.2180190799607311,0.2180190799607311,1.3120086871228134,0.3120086871228134,0.3120086871228134,1.3120550720870912,0.31205507208709116,0.31205507208709116,-0.004520304533004089,0.9323632341627547,-0.06763676583724532,-0.06763676583724532,-0.0142260719128619,0.8533084003731102,-0.14669159962688982,-0.14669159962688982,-0.0160982796980717,0.7827420508433937,-0.21725794915660634,-0.21725794915660634,-0.013806598750613238,0.7769848475796219,-0.22301515242037806,-0.22301515242037806,-6.923427458590536e-05,1.1189188704014832,0.11891887040148319,0.11891887040148319,-0.004520304533004089,0.9323632341627547,-0.06763676583724532,-0.06763676583724532
2025-12-08,2025-12-09,2025-12-16,5,10,30,0.8499999999991501,-0.008793572112043067,-0.009218360635264338,-0.02189280511188796,-0.016851777323492967,-0.026957758356249473,equal_weight,0.7999999999992,0.0999999999998,2.302585092982743,1.0,0.0,0.0,0.0,1.0,1.000088900582341e-12,0.0,1.036909711355199,0.03690971135519905,0.03690971135519905,1.1086042727325196,0.1086042727325196,0.1086042727325196,1.1913532256205897,0.19135322562058965,0.19135322562058965,1.2898990088809315,0.28989900888093145,0.28989900888093145,1.2766850085036758,0.27668500850367583,0.27668500850367583,0.0004247885232212707,0.9327592913641006,-0.06724070863589937,-0.06724070863589937,0.013099232999844891,0.8644860859303225,-0.1355139140696775,-0.1355139140696775,0.0080582052114499,0.7890495469167209,-0.2109504530832791,-0.2109504530832791,0.018164186244206404,0.7910981450599844,-0.20890185494001556,-0.20890185494001556,-0.009218360635264338,1.1086042727325196,0.1086042727325196,0.1086042727325196,0.0004247885232212707,0.9327592913641006,-0.06724070863589937,-0.06724070863589937
