trade_date,entry_date,exit_date,hold_n_days,active_stocks,pool_size,avg_pred_prob,strategy_ret,benchmark_pool_ret,benchmark_hs300_ret,benchmark_zz500_ret,benchmark_zz1000_ret,strategy_net,strategy_cum_return,strategy_cum_ret,benchmark_pool_net,benchmark_pool_cum_return,benchmark_pool_cum_ret,benchmark_hs300_net,benchmark_hs300_cum_return,benchmark_hs300_cum_ret,benchmark_zz500_net,benchmark_zz500_cum_return,benchmark_zz500_cum_ret,benchmark_zz1000_net,benchmark_zz1000_cum_return,benchmark_zz1000_cum_ret,excess_vs_pool_ret,excess_vs_pool_net,excess_vs_pool_cum_return,excess_vs_pool_cum_ret,excess_vs_hs300_ret,excess_vs_hs300_net,excess_vs_hs300_cum_return,excess_vs_hs300_cum_ret,excess_vs_zz500_ret,excess_vs_zz500_net,excess_vs_zz500_cum_return,excess_vs_zz500_cum_ret,excess_vs_zz1000_ret,excess_vs_zz1000_net,excess_vs_zz1000_cum_return,excess_vs_zz1000_cum_ret,benchmark_ret,benchmark_net,benchmark_cum_return,benchmark_cum_ret,excess_ret,excess_net,excess_cum_return,excess_cum_ret
2025-01-02,2025-01-03,2025-01-10,5,10,297,0.6802071690186681,0.003971031744436482,-0.00880272783192418,-0.011306525675036871,-0.010782076876762914,-0.014273780760857169,1.0039710317444366,0.003971031744436582,0.003971031744436582,0.9911972721680758,-0.008802727831924151,-0.008802727831924151,0.9886934743249631,-0.011306525675036871,-0.011306525675036871,0.9892179231232371,-0.010782076876762914,-0.010782076876762914,0.9857262192391428,-0.014273780760857169,-0.014273780760857169,0.012773759576360663,1.0127737595763606,0.012773759576360622,0.012773759576360622,0.015277557419473353,1.0152775574194735,0.015277557419473453,0.015277557419473453,0.014753108621199395,1.0147531086211994,0.014753108621199384,0.014753108621199384,0.01824481250529365,1.0182448125052936,0.01824481250529364,0.01824481250529364,-0.00880272783192418,0.9911972721680758,-0.008802727831924151,-0.008802727831924151,0.012773759576360663,1.0127737595763606,0.012773759576360622,0.012773759576360622
2025-01-09,2025-01-10,2025-01-17,5,10,298,0.6227326249249009,-0.005976813423520777,0.007651885935636765,0.0213964920384051,0.0406037605407501,0.053500539954076665,0.9979704842050805,-0.002029515794919501,-0.002029515794919501,0.9987818006344202,-0.001218199365579764,-0.001218199365579764,1.0098480463767803,0.009848046376780273,0.009848046376780273,1.029383890796351,0.029383890796351064,0.029383890796351064,1.0384631042153276,0.038463104215327615,0.038463104215327615,-0.013628699359157542,0.9989709704882507,-0.0010290295117493242,-0.0010290295117493242,-0.02737330546192588,0.9874860547115922,-0.012513945288407768,-0.012513945288407768,-0.04658057396427088,0.9674853263895958,-0.032514673610404166,-0.032514673610404166,-0.05947735337759744,0.9576823059670109,-0.04231769403298913,-0.04231769403298913,0.007651885935636765,0.9987818006344202,-0.001218199365579764,-0.001218199365579764,-0.013628699359157542,0.9989709704882507,-0.0010290295117493242,-0.0010290295117493242
2025-01-16,2025-01-17,2025-01-24,5,10,297,0.6263096605330605,0.054298425912347806,0.005523125204134633,0.005382779041654739,0.01121401522812282,0.016529454742661542,1.0521587106044,0.052158710604399916,0.052158710604399916,1.004298197570935,0.004298197570935081,0.004298197570935081,1.0152838352760731,0.015283835276073132,0.015283835276073132,1.0409274174233256,0.04092741742332562,0.04092741742332562,1.0556283330983787,0.05562833309837867,0.05562833309837867,0.048775300708213176,1.0476960799725907,0.04769607997259073,0.04769607997259073,0.048915646870693066,1.0357895738535983,0.03578957385359827,0.03578957385359827,0.043084410684224986,1.0091688615227266,0.009168861522726557,0.009168861522726557,0.03776897116968626,0.9938529813707976,-0.0061470186292024165,-0.0061470186292024165,0.005523125204134633,1.004298197570935,0.004298197570935081,0.004298197570935081,0.048775300708213176,1.0476960799725907,0.04769607997259073,0.04769607997259073
2025-01-23,2025-01-24,2025-02-10,5,10,298,0.6469304755561124,0.08592277967882028,0.028883526105342422,0.01779296108601791,0.04223063920919645,0.045875890221332094,1.1425631116828134,0.14256311168281344,0.14256311168281344,1.0333058707780236,0.033305870778023605,0.033305870778023605,1.0333487410484032,0.03334874104840324,0.03334874104840324,1.0848864476314908,0.08488644763149078,0.08488644763149078,1.1040562226221278,0.10405622262212777,0.10405622262212777,0.05703925357347786,1.107455882346086,0.10745588234608605,0.10745588234608605,0.06812981859280237,1.10635772962056,0.10635772962056,0.10635772962056,0.04369214046962383,1.0532616091779479,0.053261609177947866,0.053261609177947866,0.04004688945748819,1.033653701852749,0.03365370185274896,0.03365370185274896,0.028883526105342422,1.0333058707780236,0.033305870778023605,0.033305870778023605,0.05703925357347786,1.107455882346086,0.10745588234608605,0.10745588234608605
2025-02-07,2025-02-10,2025-02-17,5,10,297,0.6223190740607404,0.03231336832729097,0.013306059477419701,0.011877791227106638,0.010217963638253114,0.011435224626751728,1.1794831743477958,0.17948317434779582,0.17948317434779582,1.0470551001529629,0.04705510015296288,0.04705510015296288,1.0456226416593697,0.04562264165936969,0.04562264165936969,1.0959717779050229,0.09597177790502287,0.09597177790502287,1.1166813535283748,0.11668135352837483,0.11668135352837483,0.019007308849871264,1.1285056383394447,0.12850563833944473,0.12850563833944473,0.02043557710018433,1.1289667883046057,0.12896678830460573,0.12896678830460573,0.022095404689037854,1.0765338506761617,0.0765338506761617,0.0765338506761617,0.02087814370053924,1.055234472376625,0.05523447237662493,0.05523447237662493,0.013306059477419701,1.0470551001529629,0.04705510015296288,0.04705510015296288,0.019007308849871264,1.1285056383394447,0.12850563833944473,0.12850563833944473
2025-02-14,2025-02-17,2025-02-24,5,10,299,0.61432730400553,0.03726692444478115,0.007714757070756825,0.005654104298578266,0.01618045562742898,0.02904657851242831,1.2234388846901059,0.22343888469010587,0.22343888469010587,1.0551328758903398,0.05513287589033977,0.05513287589033977,1.0515347011322667,0.05153470113226666,0.05153470113226666,1.1137051006263294,0.11370510062632944,0.11370510062632944,1.1491171261370015,0.14911712613700145,0.14911712613700145,0.029552167374024323,1.161855425846182,0.16185542584618196,0.16185542584618196,0.03161282014620288,1.1646566123343156,0.1646566123343156,0.1646566123343156,0.02108646881735217,1.0992341481492687,0.09923414814926867,0.09923414814926867,0.008220345932352838,1.0639088647793047,0.06390886477930469,0.06390886477930469,0.007714757070756825,1.0551328758903398,0.05513287589033977,0.05513287589033977,0.029552167374024323,1.161855425846182,0.16185542584618196,0.16185542584618196
2025-02-21,2025-02-24,2025-03-03,5,10,299,0.6066607039624353,-0.04292528054096102,-0.019236923736822377,-0.020465690627316957,-0.026336428632518394,-0.02944821987047097,1.1709224273400627,0.1709224273400627,0.1709224273400627,1.0348353652246232,0.03483536522462316,0.03483536522462316,1.0300143172550056,0.030014317255005585,0.030014317255005585,1.0843740857260125,0.08437408572601246,0.08437408572601246,1.1152776723495954,0.1152776723495954,0.1152776723495954,-0.023688356804138645,1.1343329799639132,0.13433297996391325,0.13433297996391325,-0.022459589913644065,1.138498902431073,0.138498902431073,0.138498902431073,-0.01658885190844263,1.0809991156529173,0.08099911565291729,0.08099911565291729,-0.013477060670490051,1.0495705004608018,0.0495705004608018,0.0495705004608018,-0.019236923736822377,1.0348353652246232,0.03483536522462316,0.03483536522462316,-0.023688356804138645,1.1343329799639132,0.13433297996391325,0.13433297996391325
2025-02-28,2025-03-03,2025-03-10,5,10,298,0.7198776535173227,0.0413125181533369,0.008450014137087045,0.010371163597853394,0.02172171185758165,0.03941919163743046,1.2192961813756984,0.2192961813756984,0.2192961813756984,1.043579738690329,0.04357973869032894,0.04357973869032894,1.0406967642473886,0.04069676424738855,0.04069676424738855,1.1079285471619815,0.10792854716198153,0.10792854716198153,1.1592410166448914,0.15924101664489143,0.15924101664489143,0.03286250401624985,1.1716100020737419,0.17161000207374189,0.17161000207374189,0.030941354555483504,1.1737256006322216,0.17372560063222164,0.17372560063222164,0.01959080629575525,1.1021767599335563,0.10217675993355635,0.10217675993355635,0.0018933265159064364,1.0515576801196374,0.05155768011963735,0.05155768011963735,0.008450014137087045,1.043579738690329,0.04357973869032894,0.04357973869032894,0.03286250401624985,1.1716100020737419,0.17161000207374189,0.17161000207374189
2025-03-07,2025-03-10,2025-03-17,5,10,298,0.6843247946681228,0.022107239268443768,0.01776290099956716,0.017304511655206634,0.015697535876483037,0.01051882901524026,1.2462514537964708,0.24625145379647084,0.24625145379647084,1.0621167422738396,0.062116742273839565,0.062116742273839565,1.0587055135338432,0.058705513533843234,0.058705513533843234,1.1253202952796364,0.1253202952796364,0.1253202952796364,1.1714348746864323,0.17143487468643226,0.17143487468643226,0.004344338268876608,1.1766998722419495,0.1766998722419495,0.1766998722419495,0.004802727613237134,1.1793626849847414,0.1793626849847414,0.1793626849847414,0.0064097033919607305,1.1092413860502428,0.1092413860502428,0.1092413860502428,0.011588410253203507,1.0637435619217708,0.06374356192177077,0.06374356192177077,0.01776290099956716,1.0621167422738396,0.062116742273839565,0.062116742273839565,0.004344338268876608,1.1766998722419495,0.1766998722419495,0.1766998722419495
2025-03-14,2025-03-17,2025-03-24,5,10,299,0.6044795174947957,-0.028543631374259092,-0.02220122164947419,-0.015497194246980484,-0.022746986010846904,-0.03478605419537495,1.21067891169967,0.2106789116996699,0.2106789116996699,1.0385364530610006,0.03853645306100062,0.03853645306100062,1.04229854854026,0.04229854854026005,0.04229854854026005,1.0997226502651885,0.09972265026518845,0.09972265026518845,1.1306852776492378,0.13068527764923776,0.13068527764923776,-0.0063424097247849025,1.169236759529089,0.1692367595290889,0.1692367595290889,-0.013046437127278609,1.1639762038648296,0.16397620386482958,0.16397620386482958,-0.005796645363412189,1.1028115071128897,0.10281150711288967,0.10281150711288967,0.006242422821115857,1.0703838990085262,0.07038389900852615,0.07038389900852615,-0.02220122164947419,1.0385364530610006,0.03853645306100062,0.03853645306100062,-0.0063424097247849025,1.169236759529089,0.1692367595290889,0.1692367595290889
2025-03-21,2025-03-24,2025-03-31,5,10,297,0.6031703412363922,-0.030554470327165628,-0.006005597407530042,-0.012082547513259323,-0.01864726534864103,-0.021019627721218237,1.1736872588164171,0.1736872588164171,0.1736872588164171,1.032299421230872,0.03229942123087204,0.03229942123087204,1.029704926804521,0.02970492680452108,0.02970492680452108,1.0792158301957828,0.07921583019578282,0.07921583019578282,1.1069186940431885,0.10691869404318854,0.10691869404318854,-0.024548872919635586,1.1405333149064427,0.14053331490644272,0.14053331490644272,-0.018471922813906305,1.1424753252698148,0.14247532526981477,0.14247532526981477,-0.0119072049785246,1.0896801044450208,0.08968010444502084,0.08968010444502084,-0.009534842605947391,1.0601779570035397,0.06017795700353967,0.06017795700353967,-0.006005597407530042,1.032299421230872,0.03229942123087204,0.03229942123087204,-0.024548872919635586,1.1405333149064427,0.14053331490644272,0.14053331490644272
2025-03-28,2025-03-31,2025-04-08,5,10,298,0.5907695369176013,-0.08225548112666234,-0.08352075648880133,-0.06085113958098509,-0.09062455827915472,-0.11187879708652293,1.0771450486502392,0.07714504865023919,0.07714504865023919,0.9460809926467179,-0.053919007353282145,-0.053919007353282145,0.9670462085763112,-0.032953791423688816,-0.032953791423688816,0.9814123722964188,-0.018587627703581244,-0.018587627703581244,0.9830779620810517,-0.016922037918948307,-0.016922037918948307,0.0012652753621389956,1.1419764036094926,0.1419764036094926,0.1419764036094926,-0.021404341545677247,1.118021393200231,0.11802139320023097,0.11802139320023097,0.008369077152492382,1.0987997213106573,0.09879972131065728,0.09879972131065728,0.02962331595986059,1.0915839435975352,0.09158394359753519,0.09158394359753519,-0.08352075648880133,0.9460809926467179,-0.053919007353282145,-0.053919007353282145,0.0012652753621389956,1.1419764036094926,0.1419764036094926,0.1419764036094926
2025-04-07,2025-04-08,2025-04-15,5,10,299,0.7463429227731119,0.02833192433562607,0.04417980279221684,0.03026110460865783,0.051741026793374,0.06944099107073587,1.1076626406670922,0.10766264066709219,0.10766264066709219,0.9878786643273146,-0.012121335672685363,-0.012121335672685363,0.9963100950554449,-0.0036899049445551224,-0.0036899049445551224,1.0321916561467566,0.032191656146756564,0.032191656146756564,1.0513438700677593,0.05134387006775931,0.05134387006775931,-0.015847878456590768,1.1238785003647946,0.12387850036479464,0.12387850036479464,-0.0019291802730317595,1.1158645283836415,0.11586452838364147,0.11586452838364147,-0.02340910245774793,1.0730778060539512,0.0730778060539512,0.0730778060539512,-0.0411090667351098,1.0467099464132097,0.04670994641320969,0.04670994641320969,0.04417980279221684,0.9878786643273146,-0.012121335672685363,-0.012121335672685363,-0.015847878456590768,1.1238785003647946,0.12387850036479464,0.12387850036479464
2025-04-14,2025-04-15,2025-04-22,5,10,299,0.7704293563606454,-0.006326502996412964,0.010035443199633396,0.006039771511218817,0.003868785089032878,0.0059659835959544605,1.100655009651897,0.100655009651897,0.100655009651897,0.9977924645513012,-0.002207535448698783,-0.002207535448698783,1.0023275803839005,0.0023275803839004627,0.0023275803839004627,1.0361849838350814,0.0361849838350814,0.0361849838350814,1.0576161703502909,0.057616170350290874,0.057616170350290874,-0.016361946196046362,1.1054896608109326,0.10548966081093258,0.10548966081093258,-0.01236627450763178,1.1020654413123203,0.10206544131232032,0.10206544131232032,-0.010195288085445842,1.0621374686831329,0.06213746868313286,0.06213746868313286,-0.012292486592367424,1.0338432784308276,0.03384327843082757,0.03384327843082757,0.010035443199633396,0.9977924645513012,-0.002207535448698783,-0.002207535448698783,-0.016361946196046362,1.1054896608109326,0.10548966081093258,0.10548966081093258
2025-04-21,2025-04-22,2025-04-29,5,10,299,0.7734048253351713,0.03835777394236319,-0.009040436488951234,-0.0023454314431051726,-0.0034321270777811774,-0.007720388508788978,1.142873685700654,0.14287368570065406,0.14287368570065406,0.988771985146371,-0.01122801485362901,-0.01122801485362901,0.9999766897605765,-2.331023942347965e-05,-2.331023942347965e-05,1.0326286652944707,0.03262866529447073,0.03262866529447073,1.049450962622009,0.04945096262200899,0.04945096262200899,0.047398210431314425,1.1578878923836915,0.1578878923836915,0.1578878923836915,0.040703205385468365,1.1469230373182826,0.1469230373182826,0.1469230373182826,0.04178990102014437,1.1065240883691876,0.10652408836918759,0.10652408836918759,0.04607816245115217,1.081480876963395,0.08148087696339501,0.08148087696339501,-0.009040436488951234,0.988771985146371,-0.01122801485362901,-0.01122801485362901,0.047398210431314425,1.1578878923836915,0.1578878923836915,0.1578878923836915
2025-04-28,2025-04-29,2025-05-09,5,10,299,0.693316049954082,0.03824407596759042,0.022508299474139355,0.018828755016122578,0.020841919561184197,0.030270958286446215,1.18658183375795,0.1865818337579499,0.1865818337579499,1.0110275610996848,0.011027561099684835,0.011027561099684835,1.0188050058739115,0.01880500587391154,0.01880500587391154,1.054150628873111,0.05415062887311106,0.05415062887311106,1.0812188489352106,0.08121884893521059,0.08121884893521059,0.015735776493451065,1.1761081574627146,0.17610815746271458,0.17610815746271458,0.019415320951467842,1.1691909161944494,0.16919091619444937,0.16919091619444937,0.017402156406406223,1.1257799936224442,0.1257799936224442,0.1257799936224442,0.007973117681144205,1.0901036512653313,0.09010365126533126,0.09010365126533126,0.022508299474139355,1.0110275610996848,0.011027561099684835,0.011027561099684835,0.015735776493451065,1.1761081574627146,0.17610815746271458,0.17610815746271458
2025-05-08,2025-05-09,2025-05-16,5,10,299,0.5736280739192761,0.003247281138499114,0.0067383646610000535,0.011161270847757532,-0.0010266138364266597,-0.0022960887406650032,1.1904349985659979,0.19043499856599788,0.19043499856599788,1.017840233488696,0.01784023348869601,0.01784023348869601,1.0301761644855214,0.030176164485521406,0.030176164485521406,1.0530684232518321,0.05306842325183214,0.05306842325183214,1.0787362745099758,0.07873627450997578,0.07873627450997578,-0.0034910835225009395,1.1720022656535176,0.17200226565351762,0.17200226565351762,-0.007913989709258417,1.1599379513155281,0.15993795131552813,0.15993795131552813,0.004273894974925774,1.130591459080059,0.13059145908005898,0.13059145908005898,0.005543369879164118,1.0961464990109222,0.0961464990109222,0.0961464990109222,0.0067383646610000535,1.017840233488696,0.01784023348869601,0.01784023348869601,-0.0034910835225009395,1.1720022656535176,0.17200226565351762,0.17200226565351762
2025-05-15,2025-05-16,2025-05-23,5,10,299,0.5606812282667999,0.00847161104156562,0.004551611441194921,-0.0017513116838538956,-0.010987868993740268,-0.012926909616278182,1.2005199008441159,0.20051990084411586,0.20051990084411586,1.0224730467407517,0.02247304674075168,0.02247304674075168,1.02837200493223,0.02837200493223002,0.02837200493223002,1.0414974453756964,0.04149744537569644,0.04149744537569644,1.0647915481895847,0.06479154818958466,0.06479154818958466,0.003919999600370698,1.1765965140665129,0.1765965140665129,0.1765965140665129,0.010222922725419515,1.1717959073581083,0.17179590735810835,0.17179590735810835,0.019459480035305888,1.1525921810061146,0.1525921810061146,0.1525921810061146,0.0213985206578438,1.1196024125140305,0.11960241251403048,0.11960241251403048,0.004551611441194921,1.0224730467407517,0.02247304674075168,0.02247304674075168,0.003919999600370698,1.1765965140665129,0.1765965140665129,0.1765965140665129
2025-05-22,2025-05-23,2025-05-30,5,10,299,0.7063331314056052,-0.01850471727501306,-0.01229964946636897,-0.010829220194144118,0.0031890783089605357,0.0061580970586883055,1.1783046194959688,0.17830461949596876,0.17830461949596876,1.0098969866770302,0.009896986677030206,0.009896986677030206,1.0172355380493254,0.017235538049325427,0.017235538049325427,1.0448188622875818,0.04481886228758181,0.04481886228758181,1.0713486378906072,0.07134863789060719,0.07134863789060719,-0.006205067808644091,1.169295652913316,0.16929565291331605,0.16929565291331605,-0.007675497080868943,1.1628017912918072,0.16280179129180716,0.16280179129180716,-0.021693795583973597,1.1275880818396817,0.12758808183968173,0.12758808183968173,-0.024662814333701367,1.091989866086633,0.09198986608663295,0.09198986608663295,-0.01229964946636897,1.0098969866770302,0.009896986677030206,0.009896986677030206,-0.006205067808644091,1.169295652913316,0.16929565291331605,0.16929565291331605
2025-05-29,2025-05-30,2025-06-09,5,10,297,0.7296011409985897,0.022430829724420696,0.014998917109758128,0.011721687648037715,0.02373131570186371,0.031926007539956336,1.2047349697793812,0.20473496977938122,0.20473496977938122,1.0250443478695936,0.02504434786959364,0.02504434786959364,1.0291592552908233,0.029159255290823305,0.029159255290823305,1.0696137885597905,0.0696137885597905,0.0696137885597905,1.1055525225818246,0.10555252258182457,0.10555252258182457,0.007431912614662568,1.1779857560264726,0.1779857560264726,0.1779857560264726,0.010709142076382981,1.1752544008814236,0.17525440088142363,0.17525440088142363,-0.0013004859774430125,1.1261216693509173,0.1261216693509173,0.1261216693509173,-0.00949517781553564,1.0816212281353774,0.08162122813537742,0.08162122813537742,0.014998917109758128,1.0250443478695936,0.02504434786959364,0.02504434786959364,0.007431912614662568,1.1779857560264726,0.1779857560264726,0.1779857560264726
2025-06-06,2025-06-09,2025-06-16,5,10,297,0.6031635249167461,0.000927587139314856,-0.002671876366866534,-0.002947303722853345,-0.006518817690479239,-0.011497734992516606,1.2058524664436314,0.20585246644363142,0.20585246644363142,1.0223055561015308,0.022305556101530843,0.022305556101530843,1.0261260103862957,0.026126010386295695,0.026126010386295695,1.0626411712729464,0.06264117127294644,0.06264117127294644,1.0928411726568705,0.09284117265687053,0.09284117265687053,0.00359946350618139,1.1822258727660913,0.18222587276609126,0.18222587276609126,0.003874890862168201,1.179808383420122,0.17980838342012206,0.17980838342012206,0.007446404829794096,1.134507227188508,0.13450722718850794,0.13450722718850794,0.012425322131831461,1.0950607203195868,0.09506072031958679,0.09506072031958679,-0.002671876366866534,1.0223055561015308,0.022305556101530843,0.022305556101530843,0.00359946350618139,1.1822258727660913,0.18222587276609126,0.18222587276609126
2025-06-13,2025-06-16,2025-06-23,5,10,299,0.6252950008379206,0.010004443794828666,-0.01031609661067051,-0.004102695160688952,-0.01623459033310415,-0.0112628630361159,1.2179163496690222,0.21791634966902218,0.21791634966902218,1.0117593532191622,0.011759353219162216,0.011759353219162216,1.0219161281692268,0.021916128169226834,0.021916128169226834,1.0453896271862402,0.04538962718624018,0.04538962718624018,1.080532652209008,0.08053265220900796,0.08053265220900796,0.020320540405499174,1.2062493413820612,0.2062493413820612,0.2062493413820612,0.014107138955517618,1.1964521042259144,0.19645210422591441,0.19645210422591441,0.026239034127932815,1.1642756010410937,0.16427560104109373,0.16427560104109373,0.021267306830944566,1.1183497126571387,0.11834971265713867,0.11834971265713867,-0.01031609661067051,1.0117593532191622,0.011759353219162216,0.011759353219162216,0.020320540405499174,1.2062493413820612,0.2062493413820612,0.2062493413820612
2025-06-20,2025-06-23,2025-06-30,5,10,299,0.6084998029180442,0.019927008865989193,0.030966125222932635,0.02026412283152834,0.0425115920037642,0.0457303138977152,1.24218577956691,0.24218577956691,0.24218577956691,1.0430896200464201,0.04308962004642014,0.04308962004642014,1.042624362113968,0.04262436211396792,0.04262436211396792,1.0898308045021488,0.08983080450214875,0.08983080450214875,1.1299457495712566,0.1299457495712566,0.1299457495712566,-0.011039116356943442,1.1929334145470583,0.19293341454705826,0.19293341454705826,-0.00033711396553914863,1.1960487635124812,0.19604876351248124,0.19604876351248124,-0.022584583137775005,1.1379809219340982,0.13798092193409817,0.13798092193409817,-0.02580330503172601,1.0894925938893034,0.08949259388930342,0.08949259388930342,0.030966125222932635,1.0430896200464201,0.04308962004642014,0.04308962004642014,-0.011039116356943442,1.1929334145470583,0.19293341454705826,0.19293341454705826
2025-06-27,2025-06-30,2025-07-07,5,10,299,0.5410361084425102,0.02072936344309869,0.008305679475242606,0.007392128054340086,-0.0025327163661962304,-0.0045690958139801285,1.2679355000554013,0.26793550005540134,0.26793550005540134,1.0517531880944782,0.05175318809447815,0.05175318809447815,1.050331574911289,0.05033157491128892,0.05033157491128892,1.0870705721872014,0.08707057218720138,0.08707057218720138,1.124782919176866,0.1247829191768659,0.1247829191768659,0.012423683967856085,1.2077540422840862,0.20775404228408623,0.20775404228408623,0.013337235388758605,1.2120007474078809,0.21200074740788089,0.21200074740788089,0.02326207980929492,1.1644527249615841,0.16445272496158414,0.16445272496158414,0.02529845925707882,1.1170550778867012,0.11705507788670122,0.11705507788670122,0.008305679475242606,1.0517531880944782,0.05175318809447815,0.05175318809447815,0.012423683967856085,1.2077540422840862,0.20775404228408623,0.20775404228408623
2025-07-04,2025-07-07,2025-07-14,5,10,299,0.6194582360699934,0.01200272239539174,0.01832582295320708,0.013238507758169371,0.020414357927234006,0.021362894034728797,1.2831541778778286,0.2831541778778286,0.2831541778778286,1.0710274308099685,0.07102743080996854,0.07102743080996854,1.0642363976144023,0.06423639761440225,0.06423639761440225,1.109262419939994,0.10926241993999408,0.10926241993999408,1.1488115374913141,0.14881153749131415,0.14881153749131415,-0.006323100557815341,1.200117292025616,0.200117292025616,0.200117292025616,-0.0012357853627776305,1.2105029746245588,0.2105029746245588,0.2105029746245588,-0.008411635531842265,1.1546577730451468,0.15465777304514683,0.15465777304514683,-0.009360171639337056,1.1065992506270887,0.10659925062708875,0.10659925062708875,0.01832582295320708,1.0710274308099685,0.07102743080996854,0.07102743080996854,-0.006323100557815341,1.200117292025616,0.200117292025616,0.200117292025616
2025-07-11,2025-07-14,2025-07-21,5,10,299,0.7000699442324223,0.0042586132443232505,0.01589250917663619,0.016910058272609607,0.02332723619669541,0.02320441390494543,1.2886186352542477,0.2886186352542477,0.2886186352542477,1.088048744082545,0.08804874408254504,0.08804874408254504,1.082232697113894,0.08223269711389403,0.08223269711389403,1.1351384464140521,0.13513844641405215,0.13513844641405215,1.1754690359060394,0.17546903590603935,0.17546903590603935,-0.01163389593231294,1.1861552523436207,0.18615525234362074,0.18615525234362074,-0.012651445028286357,1.195188362784519,0.195188362784519,0.195188362784519,-0.01906862295237216,1.1326400393319231,0.13264003933192314,0.13264003933192314,-0.01894580066062218,1.085633841813514,0.08563384181351408,0.08563384181351408,0.01589250917663619,1.088048744082545,0.08804874408254504,0.08804874408254504,-0.01163389593231294,1.1861552523436207,0.18615525234362074,0.18615525234362074
2025-07-18,2025-07-21,2025-07-28,5,10,300,0.608022724191877,-0.002109743163491928,0.018966636798388056,0.012291196877232347,0.026311129664166932,0.017803295363959526,1.2858999808981717,0.2858999808981717,0.2858999808981717,1.108685369430501,0.108685369430501,0.108685369430501,1.095534632261099,0.09553463226109904,0.09553463226109904,1.1650052212644333,0.1650052212644333,0.1650052212644333,1.1963962583434633,0.1963962583434633,0.1963962583434633,-0.021076379961879985,1.161155393551447,0.16115539355144692,0.16115539355144692,-0.014400940040724276,1.1779765268346878,0.1779765268346878,0.1779765268346878,-0.02842087282765886,1.100449420814556,0.1004494208145561,0.1004494208145561,-0.019913038527451455,1.0640155732947765,0.06401557329477647,0.06401557329477647,0.018966636798388056,1.108685369430501,0.108685369430501,0.108685369430501,-0.021076379961879985,1.161155393551447,0.16115539355144692,0.16115539355144692
2025-07-25,2025-07-28,2025-08-04,5,10,300,0.5787811885828011,0.007527633645191256,-0.01699874942644716,-0.01574583444556643,-0.009755638562676694,0.0014435409085227224,1.2955797648587315,0.2955797648587315,0.2955797648587315,1.0898391046427838,0.08983910464278377,0.08983910464278377,1.0782845253121314,0.07828452531213137,0.07828452531213137,1.1536398514021462,0.1536398514021462,0.1536398514021462,1.1981233052851856,0.19812330528518562,0.19812330528518562,0.024526383071638416,1.1896343355393888,0.1896343355393888,0.1896343355393888,0.023273468090757688,1.2053921259436364,0.20539212594363643,0.20539212594363643,0.01728327220786795,1.1194687877054847,0.11946878770548475,0.11946878770548475,0.006084092736668534,1.0704891427159615,0.07048914271596152,0.07048914271596152,-0.01699874942644716,1.0898391046427838,0.08983910464278377,0.08983910464278377,0.024526383071638416,1.1896343355393888,0.1896343355393888,0.1896343355393888
2025-08-01,2025-08-04,2025-08-11,5,10,300,0.6696364820605787,0.013928783144233991,0.01690965099237913,0.012727288806696935,0.020765663679899404,0.0303044915689048,1.3136256144495064,0.31362561444950643,0.31362561444950643,1.1082679035401402,0.10826790354014015,0.10826790354014015,1.092008163881571,0.09200816388157107,0.09200816388157107,1.1775959485640923,0.17759594856409233,0.17759594856409233,1.2344318228887088,0.23443182288870879,0.23443182288870879,-0.0029808678481451373,1.18608819279753,0.18608819279752997,0.18608819279752997,0.0012014943375370565,1.2068403977574695,0.20684039775746954,0.20684039775746954,-0.006836880535665413,1.111815113340536,0.11181511334053607,0.11181511334053607,-0.016375708424670808,1.0529591246430692,0.05295912464306918,0.05295912464306918,0.01690965099237913,1.1082679035401402,0.10826790354014015,0.10826790354014015,-0.0029808678481451373,1.18608819279753,0.18608819279752997,0.18608819279752997
2025-08-08,2025-08-11,2025-08-18,5,10,299,0.5820378717212176,0.02009767141740796,0.024623592294490092,0.028356989223315088,0.043245209457175804,0.042290850277011405,1.340026430414203,0.3400264304142031,0.3400264304142031,1.135557440549982,0.13555744054998198,0.13555744054998198,1.1229742276165329,0.12297422761653287,0.12297422761653287,1.228521332015668,0.22852133201566804,0.22852133201566804,1.2866369942876734,0.2866369942876734,0.2866369942876734,-0.004525920877082132,1.180720051483687,0.18072005148368708,0.18072005148368708,-0.008259317805907128,1.1968727193713833,0.1968727193713833,0.1968727193713833,-0.023147538039767844,1.0860793307112973,0.08607933071129725,0.08607933071129725,-0.022193178859603445,1.029590614458014,0.02959061445801403,0.02959061445801403,0.024623592294490092,1.135557440549982,0.13555744054998198,0.13555744054998198,-0.004525920877082132,1.180720051483687,0.18072005148368708,0.18072005148368708
2025-08-15,2025-08-18,2025-08-25,5,10,298,0.6759158180306202,0.018264770978666946,0.04994529619130025,0.05420774055276034,0.0425488360904851,0.03317756350791323,1.3645017062710791,0.36450170627107914,0.36450170627107914,1.1922731932604858,0.19227319326048575,0.19227319326048575,1.1838481231946063,0.1838481231946063,0.1838481231946063,1.2807934848052671,0.2807934848052671,0.2807934848052671,1.3293244748772832,0.3293244748772832,0.3293244748772832,-0.0316805252126333,1.1433142201235964,0.1433142201235964,0.1433142201235964,-0.035942969574093396,1.1538535596349553,0.15385355963495528,0.15385355963495528,-0.024284065111818152,1.0597049095277042,0.05970490952770424,0.05970490952770424,-0.014912792529246287,1.0142365432345424,0.014236543234542376,0.014236543234542376,0.04994529619130025,1.1922731932604858,0.19227319326048575,0.19227319326048575,-0.0316805252126333,1.1433142201235964,0.1433142201235964,0.1433142201235964
2025-08-22,2025-08-25,2025-09-01,5,10,300,0.6504469351453844,-0.01730477754771218,0.01438795007107413,0.012192054903515492,0.022784000220946732,0.0031319673569296658,1.3408893077805843,0.34088930778058435,0.34088930778058435,1.2094275604361977,0.2094275604361977,0.2094275604361977,1.1982816645100187,0.19828166451001872,0.19828166451001872,1.3099750838460575,0.30997508384605754,0.30997508384605754,1.3334878757393664,0.33348787573936645,0.33348787573936645,-0.03169272761878631,1.1070794739625343,0.10707947396253426,0.10707947396253426,-0.029496832451227674,1.1198185345131504,0.11981853451315039,0.11981853451315039,-0.04008877776865891,1.0172226349092912,0.017222634909291212,0.017222634909291212,-0.020436744904641847,0.9935088497274922,-0.006491150272507795,-0.006491150272507795,0.01438795007107413,1.2094275604361977,0.2094275604361977,0.2094275604361977,-0.03169272761878631,1.1070794739625343,0.10707947396253426,0.10707947396253426
2025-08-29,2025-09-01,2025-09-08,5,10,300,0.6095385403994197,-0.015885172693264137,-0.008738639409026095,-0.01240972290228104,-0.01661972060766037,-0.025344653911641424,1.3195890495639384,0.3195890495639384,0.3195890495639384,1.1988588090942076,0.1988588090942076,0.1988588090942076,1.1834113210945654,0.18341132109456537,0.18341132109456537,1.2882036639495396,0.28820366394953956,0.28820366394953956,1.2996910870333822,0.2996910870333822,0.2996910870333822,-0.007146533284238041,1.0991676936535641,0.09916769365356415,0.09916769365356415,-0.003475449790983097,1.1159266614214376,0.1159266614214376,0.1159266614214376,0.0007345479143962344,1.0179698336742407,0.017969833674240654,0.017969833674240654,0.009459481218377287,1.002906928031781,0.002906928031781053,0.002906928031781053,-0.008738639409026095,1.1988588090942076,0.1988588090942076,0.1988588090942076,-0.007146533284238041,1.0991676936535641,0.09916769365356415,0.09916769365356415
2025-09-05,2025-09-08,2025-09-15,5,10,299,0.7662484297210922,0.05468718467160734,0.011348670308843548,0.014657398994935011,0.020772821736249503,0.014298524668330037,1.3917536596080722,0.3917536596080722,0.3917536596080722,1.2124642624654705,0.21246426246547045,0.21246426246547045,1.2007570530029716,0.20075705300297164,0.20075705300297164,1.3149632890207468,0.3149632890207468,0.3149632890207468,1.3182747521025378,0.31827475210253775,0.31827475210253775,0.04333851436276379,1.1468039885320551,0.14680398853205512,0.14680398853205512,0.04002978567667233,1.160596966509022,0.1605969665090221,0.1605969665090221,0.033914362935357836,1.0524936320707146,0.05249363207071456,0.05249363207071456,0.0403886600032773,1.0434129949629878,0.04341299496298778,0.04341299496298778,0.011348670308843548,1.2124642624654705,0.21246426246547045,0.21246426246547045,0.04333851436276379,1.1468039885320551,0.14680398853205512,0.14680398853205512
2025-09-12,2025-09-15,2025-09-22,5,10,300,0.5916338916640969,-0.034360647567711775,-0.010032449160324388,-0.002304846884750633,0.012296558266687407,0.009966461112704605,1.3439321026092061,0.34393210260920615,0.34393210260920615,1.2003002763935753,0.20030027639357528,0.20030027639357528,1.1979894918500154,0.19798949185001535,0.19798949185001535,1.3311328117227452,0.3311328117227452,0.3311328117227452,1.331413286155228,0.3314132861552279,0.3314132861552279,-0.024328198407387387,1.1189043135646641,0.11890431356466413,0.11890431356466413,-0.03205580068296114,1.1233931014773597,0.12339310147735971,0.12339310147735971,-0.04665720583439918,1.0033872200397969,0.0033872200397968566,0.0033872200397968566,-0.04432710868041638,0.9971615137367047,-0.0028384862632953034,-0.0028384862632953034,-0.010032449160324388,1.2003002763935753,0.20030027639357528,0.20030027639357528,-0.024328198407387387,1.1189043135646641,0.11890431356466413,0.11890431356466413
2025-09-19,2025-09-22,2025-09-29,5,10,300,0.741582896440797,0.01589037900074545,0.006235900801489999,0.021546196353961822,0.017360522886238128,0.0011152980221049713,1.365287693070935,0.365287693070935,0.365287693070935,1.2077852298491667,0.2077852298491667,0.2077852298491667,1.2238016086713988,0.22380160867139876,0.22380160867139876,1.3542419733652804,0.3542419733652804,0.3542419733652804,1.332898208759881,0.3328982087598811,0.3328982087598811,0.00965447819925545,1.1297067508670269,0.12970675086702688,0.12970675086702688,-0.005655817353216373,1.1170393952795405,0.11703939527954055,0.11703939527954055,-0.0014701438854926793,1.0019120964534738,0.0019120964534737883,0.0019120964534737883,0.014775080978640477,1.0118946558509483,0.011894655850948288,0.011894655850948288,0.006235900801489999,1.2077852298491667,0.2077852298491667,0.2077852298491667,0.00965447819925545,1.1297067508670269,0.12970675086702688,0.12970675086702688
2025-09-26,2025-09-29,2025-10-14,5,10,300,0.6412691197049682,0.032108163493224554,0.03027897317388091,-0.017529885479668827,-0.02118328399468905,-0.01662867567967341,1.409124573535344,0.4091245735353439,0.4091245735353439,1.2443557264235792,0.24435572642357917,0.24435572642357917,1.2023485066215547,0.20234850662155468,0.20234850662155468,1.3255546810459555,0.32555468104595553,0.32555468104595553,1.3107338767323955,0.3107338767323955,0.3107338767323955,0.0018291903193436432,1.13177319951941,0.13177319951941002,0.13177319951941002,0.04963804897289338,1.1724870514870775,0.17248705148707755,0.17248705148707755,0.053291447487913604,1.0553054423291295,0.055305442329129484,0.055305442329129484,0.048736839172897964,1.061211202953071,0.06121120295307092,0.06121120295307092,0.03027897317388091,1.2443557264235792,0.24435572642357917,0.24435572642357917,0.0018291903193436432,1.13177319951941,0.13177319951941002,0.13177319951941002
2025-10-13,2025-10-14,2025-10-21,5,10,300,0.7524681204337187,-0.03997125624570168,-0.021235279421156474,0.015159072443128974,-0.001282444904001645,-0.003947429810208902,1.3528000941244476,0.35280009412444757,0.35280009412444757,1.2179314848736584,0.21793148487365843,0.21793148487365843,1.2205749947353188,0.22057499473531883,0.22057499473531883,1.3238547302002726,0.32385473020027256,0.32385473020027256,1.3055598467541314,0.3055598467541314,0.3055598467541314,-0.018735976824545204,1.110568323082573,0.11056832308257292,0.11056832308257292,-0.05513032868883065,1.107847454955197,0.1078474549551971,0.1078474549551971,-0.03868881134170003,1.0144769291629885,0.014476929162988483,0.014476929162988483,-0.036023826435492776,1.022982314766489,0.02298231476648893,0.02298231476648893,-0.021235279421156474,1.2179314848736584,0.21793148487365843,0.21793148487365843,-0.018735976824545204,1.110568323082573,0.11056832308257292,0.11056832308257292
2025-10-20,2025-10-21,2025-10-28,5,10,300,0.6977651260523005,0.05289724805704367,0.02118496790869531,0.018251592058112553,0.02162734927405041,0.018405927957704904,1.4243594962749406,0.42435949627494063,0.42435949627494063,1.2437333242956965,0.2437333242956965,0.2437333242956965,1.2428524316155607,0.2428524316155607,0.2428524316155607,1.3524861988384176,0.3524861988384176,0.3524861988384176,1.3295898872379601,0.3295898872379601,0.3295898872379601,0.03171228014834836,1.1457869768680489,0.14578697686804887,0.14578697686804887,0.034645655998931116,1.1462295567788663,0.1462295567788663,0.1462295567788663,0.03126989878299326,1.0461995200555971,0.04619952005559713,0.04619952005559713,0.034491320099338765,1.0582663252410625,0.058266325241062455,0.058266325241062455,0.02118496790869531,1.2437333242956965,0.2437333242956965,0.2437333242956965,0.03171228014834836,1.1457869768680489,0.14578697686804887,0.14578697686804887
2025-10-27,2025-10-28,2025-11-04,5,10,300,0.5707399125471314,-0.014780383742767366,-0.0012584511045751834,-0.015616884410886711,-0.017736611892336773,-0.0058147766993381644,1.4033069163323422,0.40330691633234217,0.40330691633234217,1.2421681467199395,0.24216814671993947,0.24216814671993947,1.223442948851231,0.22344294885123106,0.22344294885123106,1.3284976760398788,0.3284976760398788,0.3284976760398788,1.3218586189419732,0.3218586189419732,0.3218586189419732,-0.013521932638192184,1.1302937225491212,0.1302937225491212,0.1302937225491212,0.000836500668119345,1.1471883785689299,0.14718837856892986,0.14718837856892986,0.002956228149569407,1.0492923245268515,0.049292324526851505,0.049292324526851505,-0.008965607043429202,1.0487783252216571,0.04877832522165715,0.04877832522165715,-0.0012584511045751834,1.2421681467199395,0.24216814671993947,0.24216814671993947,-0.013521932638192184,1.1302937225491212,0.1302937225491212,0.1302937225491212
2025-11-03,2025-11-04,2025-11-11,5,10,300,0.6930020032256387,-0.009893004500772351,0.01026627248353646,0.007245979874419106,0.011203017685216254,0.01412907486836179,1.3894239946931013,0.3894239946931013,0.3894239946931013,1.2549205833845358,0.2549205833845358,0.2549205833845358,1.232307991836107,0.23230799183610706,0.23230799183610706,1.3433808589993221,0.34338085899932214,0.34338085899932214,1.3405352583343937,0.3405352583343937,0.3405352583343937,-0.020159276984308812,1.107507818322628,0.1075078183226279,0.1075078183226279,-0.017138984375191457,1.1275267348732358,0.12752673487323585,0.12752673487323585,-0.021096022185988605,1.0271564303690455,0.02715643036904547,0.02715643036904547,-0.02402207936913414,1.023584489052555,0.023584489052554947,0.023584489052554947,0.01026627248353646,1.2549205833845358,0.2549205833845358,0.2549205833845358,-0.020159276984308812,1.107507818322628,0.1075078183226279,0.1075078183226279
2025-11-10,2025-11-11,2025-11-18,5,10,300,0.5957389373420865,-0.05722069577323004,-0.024662147642052726,-0.018050301730419993,-0.019281069415690077,-0.012291813948961283,1.3099201869927413,0.30992018699274126,0.30992018699274126,1.2239715466780554,0.2239715466780554,0.2239715466780554,1.2100644607586575,0.21006446075865748,0.21006446075865748,1.317479039405247,0.3174790394052469,0.3174790394052469,1.3240576483469246,0.32405764834692463,0.32405764834692463,-0.03255854813117731,1.0714489717141154,0.07144897171411535,0.07144897171411535,-0.039170394042810044,1.0833610683744481,0.08336106837444812,0.08336106837444812,-0.03793962635753996,0.9881864991900994,-0.011813500809900623,-0.011813500809900623,-0.044928881824268754,0.9775959825067582,-0.022404017493241835,-0.022404017493241835,-0.024662147642052726,1.2239715466780554,0.2239715466780554,0.2239715466780554,-0.03255854813117731,1.0714489717141154,0.07144897171411535,0.07144897171411535
2025-11-17,2025-11-18,2025-11-25,5,10,300,0.6292198203994559,-0.042495488767474145,-0.026134186961631396,-0.017028177224561514,-0.027466718724522998,-0.026604633852306825,1.2542544884001037,0.2542544884001037,0.2542544884001037,1.1919840454414539,0.19198404544145387,0.19198404544145387,1.1894592686677157,0.18945926866771567,0.18945926866771567,1.2812922132044482,0.2812922132044482,0.2812922132044482,1.2888315794133083,0.2888315794133083,0.2888315794133083,-0.01636130180584275,1.0539186717183409,0.05391867171834086,0.05391867171834086,-0.02546731154291263,1.0557707745326934,0.05577077453269341,0.05577077453269341,-0.015028770042951146,0.9733352715342225,-0.0266647284657775,-0.0266647284657775,-0.01589085491516732,0.9620611465830928,-0.03793885341690717,-0.03793885341690717,-0.026134186961631396,1.1919840454414539,0.19198404544145387,0.19198404544145387,-0.01636130180584275,1.0539186717183409,0.05391867171834086,0.05391867171834086
2025-11-24,2025-11-25,2025-12-02,5,10,298,0.7269244941092131,0.007322472277987657,0.015527807559757276,0.014237023163834683,0.012322486272760669,0.008721580999143663,1.263438732120955,0.26343873212095503,0.26343873212095503,1.2104929443133698,0.21049294431336985,0.21049294431336985,1.2063936278281757,0.20639362782817572,0.20639362782817572,1.2970809189130552,0.2970809189130552,0.2970809189130552,1.3000722284274158,0.30007222842741577,0.30007222842741577,-0.00820533528176962,1.0452709156571747,0.04527091565717467,0.04527091565717467,-0.006914550885847026,1.048470593788397,0.04847059378839691,0.04847059378839691,-0.0050000139947730116,0.9684685815549452,-0.031531418445054804,-0.031531418445054804,-0.001399108721156006,0.960715118442623,-0.03928488155737697,-0.03928488155737697,0.015527807559757276,1.2104929443133698,0.21049294431336985,0.21049294431336985,-0.00820533528176962,1.0452709156571747,0.04527091565717467,0.04527091565717467
2025-12-01,2025-12-02,2025-12-09,5,10,298,0.616307978843871,0.01907620235362841,0.001855986300919113,0.009636533105271905,0.011508740890481706,0.009217059943023242,1.287540345036306,0.2875403450363061,0.2875403450363061,1.2127396026353747,0.21273960263537472,0.21273960263537472,1.218019079960731,0.2180190799607311,0.2180190799607311,1.3120086871228134,0.3120086871228134,0.3120086871228134,1.3120550720870912,0.31205507208709116,0.31205507208709116,0.0172202160527093,1.0632707066584044,0.0632707066584044,0.0632707066584044,0.009439669248356507,1.0583678094103872,0.05836780941038722,0.05836780941038722,0.007567461463146706,0.9757974302241306,-0.02420256977586943,-0.02420256977586943,0.00985914241060517,0.9701869456113702,-0.0298130543886298,-0.0298130543886298,0.001855986300919113,1.2127396026353747,0.21273960263537472,0.21273960263537472,0.0172202160527093,1.0632707066584044,0.0632707066584044,0.0632707066584044
2025-12-08,2025-12-09,2025-12-16,5,10,298,0.6295299353162191,0.0013051165377744867,-0.01488749178256076,-0.02189280511188796,-0.016851777323492967,-0.026957758356249473,1.2892207352336649,0.28922073523366487,0.28922073523366487,1.1946849517667546,0.1946849517667546,0.1946849517667546,1.1913532256205897,0.19135322562058965,0.19135322562058965,1.2898990088809315,0.28989900888093145,0.28989900888093145,1.2766850085036758,0.27668500850367583,0.27668500850367583,0.01619260832033525,1.08048783274981,0.08048783274980997,0.08048783274980997,0.023197921649662445,1.0829197429296142,0.08291974292961424,0.08291974292961424,0.018156893861267454,0.9935148805948077,-0.006485119405192252,-0.006485119405192252,0.02826287489402396,0.9976072178789995,-0.0023927821210004696,-0.0023927821210004696,-0.01488749178256076,1.1946849517667546,0.1946849517667546,0.1946849517667546,0.01619260832033525,1.08048783274981,0.08048783274980997,0.08048783274980997
2025-12-15,2025-12-16,2025-12-23,5,10,297,0.5799479791929383,0.025289671565600646,0.017432777256365325,0.027387991920054144,0.03648841025526739,0.029352708720316478,1.3218247042032865,0.32182470420328646,0.32182470420328646,1.215511628422436,0.2155116284224361,0.2155116284224361,1.2239819981378168,0.22398199813781683,0.22398199813781683,1.3369653731048416,0.33696537310484165,0.33696537310484165,1.314159171685879,0.3141591716858789,0.3141591716858789,0.007856894309235321,1.08897711145414,0.08897711145414,0.08897711145414,-0.0020983203544534985,1.0806474303907856,0.08064743039078559,0.08064743039078559,-0.011198738689666744,0.982388767062731,-0.01761123293726896,-0.01761123293726896,-0.004063037154715832,0.9935539026869445,-0.006446097313055454,-0.006446097313055454,0.017432777256365325,1.215511628422436,0.2155116284224361,0.2155116284224361,0.007856894309235321,1.08897711145414,0.08897711145414,0.08897711145414
2025-12-22,2025-12-23,2025-12-30,5,10,298,0.5751917190967604,0.006195975347469318,0.003399968222166646,0.00661107088181212,0.027856684763750694,0.02771474023391507,1.330014697484206,0.330014697484206,0.330014697484206,1.2196443293327464,0.21964432933274636,0.21964432933274636,1.232073829885568,0.23207382988556802,0.23207382988556802,1.3742087960434735,0.37420879604347346,0.37420879604347346,1.35058075175517,0.35058075175517,0.35058075175517,0.0027960071253026724,1.0920218992170572,0.09202189921705717,0.09202189921705717,-0.00041509553434280165,1.0801988584682314,0.08019885846823138,0.08019885846823138,-0.021660709416281378,0.9611095294455663,-0.03889047055443373,-0.03889047055443373,-0.021518764886445753,0.9721738498530136,-0.027826150146986417,-0.027826150146986417,0.003399968222166646,1.2196443293327464,0.21964432933274636,0.21964432933274636,0.0027960071253026724,1.0920218992170572,0.09202189921705717,0.09202189921705717
